actual_xgb,probability_xgb
0,0.009562004
0,0.88849545
0,0.08293663
0,0.95331633
0,0.51222134
0,0.01400622
0,0.32317814
0,7.072035e-05
0,0.43749022
0,0.004209829
0,0.71450657
0,0.21765468
0,0.07442063
0,0.15249628
0,0.045317825
0,0.75963545
0,0.51225215
0,0.00068171497
0,0.55710113
0,0.01299506
0,0.0016523398
0,0.00839271
0,0.7667787
0,0.014251497
0,0.05746941
0,0.007596039
0,0.17156994
0,0.71238774
0,0.24124174
0,0.030318175
0,0.065620184
0,0.70041937
0,0.07474252
0,0.1350845
0,0.7607146
0,0.7754432
0,0.03036765
0,0.09908258
0,0.14123158
0,0.29650834
0,0.051548384
0,0.00050486985
0,0.0065618306
0,0.09865878
0,0.0021678137
0,0.8289929
0,0.096867464
0,0.0045050792
0,0.12039426
0,0.0004370098
0,0.009563739
1,0.90040714
0,0.004843398
0,0.042126693
0,0.22214995
1,0.847056
0,0.22990473
0,0.005279478
0,0.0066602686
0,0.086081736
0,0.88108844
0,0.15973978
0,0.42789415
1,0.48257133
0,0.10796162
0,0.011477049
0,0.0007050954
0,0.57073826
0,0.043886356
0,0.024191132
0,0.043499313
0,0.09129767
0,0.033142217
0,0.0031297752
0,0.2141124
0,0.34344193
0,0.039389316
1,0.9190356
0,0.009419456
0,0.0026020724
0,0.0040200315
0,0.08009639
0,0.1703391
0,0.76677674
0,0.012453212
0,0.6822524
0,0.7888116
0,0.021852404
1,0.94473445
0,0.058964275
0,0.03589041
0,0.0063432185
0,0.014207332
0,0.026303126
0,0.03319178
1,0.6384787
0,0.0036899487
1,0.84772366
1,0.93272877
0,0.014635427
0,0.009535907
0,0.84397954
0,0.03134837
0,0.07112683
0,0.7315144
0,0.059900157
0,0.20633437
0,0.1070298
0,0.036247123
0,0.15502642
0,0.029782746
0,0.12390391
0,0.1353644
0,0.0078079095
0,0.22472085
0,0.16404036
0,0.08824629
0,0.003315089
0,0.6615895
0,0.19717455
1,0.63979936
0,0.44689548
0,0.00020165108
0,0.0710221
0,0.82061034
0,0.38053808
0,0.012139654
0,0.44848165
0,0.5766
0,0.441331
0,0.00966708
0,0.020198254
1,0.97064084
0,0.0031086004
0,0.013663381
0,0.0010888402
0,0.06443791
0,0.14158125
0,0.019333446
0,0.34438425
1,0.15058129
1,0.09836154
0,0.88075024
0,0.010783901
0,0.8751095
0,0.0034854012
0,0.5691354
0,0.9450061
0,0.0005423514
1,0.32689124
0,0.31741136
0,0.64431745
0,0.07904518
0,0.05465168
0,0.25915983
0,0.0035617151
0,0.009647019
1,0.96582097
0,0.81820387
0,0.28605318
0,0.03739722
0,0.68246055
0,0.07102187
0,0.04808588
0,0.0075246985
0,0.007848631
1,0.95415336
0,0.003923019
0,0.0018049851
0,0.015753575
0,0.11215813
0,0.010956704
0,0.011705475
0,0.021337813
1,0.99133486
0,0.7031251
0,0.48059115
0,0.008634536
0,0.021643491
0,0.05069131
0,0.049994983
0,0.0029584793
0,0.03566423
0,0.105719194
0,0.008290147
1,0.8983215
1,0.68616915
0,0.0005328539
0,0.020416848
0,0.90288055
0,0.8360265
0,0.00050679507
0,0.8897085
0,0.09651377
0,0.0014010866
0,0.58824253
0,0.035878625
0,0.026936771
0,0.032866105
0,0.02067284
0,0.009586263
0,0.57318264
0,0.63997376
0,0.03372745
0,0.5390961
0,0.1272431
0,0.009375746
0,0.76662713
0,0.002238836
0,0.0057229022
0,0.011658218
0,0.32884005
0,0.008499517
0,0.7335659
0,0.85101825
0,0.054736897
0,0.002705725
0,0.16607842
0,0.019037258
0,0.6956483
0,0.6719442
0,0.0016005704
0,0.048135635
0,0.00035238586
0,0.08785326
1,0.9132237
0,0.020198658
0,0.4825656
0,0.74591845
1,0.77359414
1,0.9066809
0,0.06588853
0,0.00063106086
1,0.83148575
1,0.11920159
0,0.0016962868
0,0.0036446499
0,0.80413806
0,0.001214207
0,0.021440826
1,0.91838396
0,0.8647871
1,0.8910336
0,0.5055614
0,0.10906474
0,0.23321725
0,0.0023531725
0,0.26031807
0,0.033305597
0,0.0015330835
0,0.0447187
0,0.7952679
0,0.04080735
0,0.7670464
1,0.8967187
0,0.0029516318
0,0.011268385
0,0.05123795
0,0.024806136
0,0.048438463
0,0.039768364
0,0.57149523
0,0.0047543743
0,0.87066585
0,0.00038575975
1,0.96081644
0,0.024150463
0,0.04847495
0,0.018482318
0,0.0008089542
0,0.798753
0,0.7290487
0,0.037685633
0,0.22974567
1,0.97898054
0,0.00075232977
1,0.117949605
0,0.09285513
0,0.009689126
0,0.0010153775
0,0.016519405
0,0.18101525
0,0.062221035
1,0.97102237
0,0.0011294715
0,0.10677209
0,0.035496127
0,0.018745475
0,0.24869213
0,0.16546303
0,0.22007725
0,0.0020718607
0,0.0013779616
0,0.004176463
0,0.2764063
0,0.010053646
0,0.011931724
0,0.13767625
0,0.114974156
0,0.0004230947
0,0.012299314
0,0.7144201
0,0.00034228203
1,0.9592764
0,0.37866193
0,0.0032913256
0,0.026453767
0,0.013259369
0,0.062825136
0,0.07935971
0,0.7770519
1,0.8178982
0,0.04494204
0,0.3650483
0,0.0016504774
0,0.027653342
0,0.0027471047
0,0.009394587
0,0.003599715
0,0.7123552
0,0.01022323
0,0.5416836
0,0.8746448
0,0.5457559
1,0.93136984
0,0.0091565745
0,0.21402925
0,0.015597356
0,0.076041654
0,0.0052601113
0,0.021256497
1,0.8732776
0,0.6950683
0,0.044569477
1,0.26839045
0,0.0015833873
0,0.86409855
0,0.0073063564
1,0.80831087
1,0.7586332
1,0.922545
0,0.0021375592
0,0.009976978
0,0.008857823
1,0.6674839
0,0.0026621898
0,0.0021312179
0,0.0012151003
0,0.88675976
1,0.97169197
0,0.084252074
0,0.002374886
0,0.008248053
1,0.65902376
0,0.53121114
0,0.9294683
0,0.77837294
0,0.1948653
0,0.08233016
0,0.0060795536
0,0.2564036
0,0.4943708
0,0.0006434921
0,0.24711013
0,0.22929549
0,0.008571158
1,0.66904855
0,0.048586197
0,0.0014792933
1,0.89368784
0,0.002378916
0,0.058084514
0,0.005017863
0,0.06137073
0,0.005222642
0,0.9681871
0,0.06427094
0,0.0014470704
0,0.70211035
0,0.050391488
0,0.67438173
0,0.043654
0,0.25223786
0,0.01928844
0,0.010297283
0,0.008971356
0,0.051928952
0,0.01391241
0,0.022243118
0,0.008604123
0,0.045816842
0,0.13562356
0,0.1033764
0,0.0046640844
0,0.010137821
0,0.2886526
0,0.006342163
0,0.794942
0,0.017769517
0,0.12044759
0,0.0027691585
0,0.0033822656
1,0.83399296
0,0.015817227
0,0.014490063
0,0.048598334
0,0.059481796
0,0.09660429
0,0.014428108
0,0.6966985
0,0.38656104
0,0.7328082
0,0.0055297604
1,0.78188497
0,0.30423746
1,0.9414565
0,0.0028038465
0,0.0049439496
0,0.0051264158
0,0.1976863
0,0.5767198
0,0.03158402
0,0.08023435
1,0.9809147
0,0.2766682
0,0.023489527
1,0.73823065
0,0.0004078244
0,0.14766185
0,0.05613802
0,0.00052807125
0,0.81362516
0,0.04841158
0,0.029749956
0,0.6054593
0,0.12364788
0,0.45119715
0,0.047459207
0,0.5562385
0,0.89012146
0,0.05661415
0,0.028403675
0,0.88621837
1,0.9232382
0,0.32605183
0,0.25598764
0,0.97407454
1,0.8811888
0,0.02037957
0,0.03539334
0,0.04296159
0,0.4771198
0,0.0006351722
0,0.013509189
0,0.012129697
0,0.3782284
0,0.7052192
0,0.05891447
0,0.096316285
0,0.6633162
0,0.0376037
0,0.0049169967
0,0.027894083
0,0.0023943037
0,0.0032496173
0,0.00025796215
0,0.97408855
0,0.030870099
0,0.09799767
0,0.036858544
0,0.008736819
0,0.5358072
0,0.04502328
0,0.014989226
0,0.00043101353
0,0.039031908
0,0.14744484
0,0.03137413
0,0.038245175
0,0.8237473
0,0.10118978
0,0.0037687833
0,0.39862174
0,0.38409805
1,0.28506726
0,0.0046568406
0,0.19369665
0,0.078197144
0,0.10666982
1,0.95390964
0,0.0051908256
0,0.009753111
0,0.72194064
0,0.8211842
0,0.014218028
0,0.71855307
0,0.0194885
0,0.057404533
0,0.3070494
0,0.003781502
1,0.9864825
0,0.0044409423
0,0.010618978
0,0.012060442
0,0.0042602387
0,0.023309706
0,0.009043565
0,0.007570037
0,0.010313842
0,0.025705766
0,0.12527639
0,0.0012136381
1,0.89599776
0,0.010011363
0,0.05182864
0,0.32250598
0,0.002655319
0,0.74732417
1,0.80056214
0,0.004004009
0,0.08972712
0,0.0318222
0,0.03443536
0,0.10249977
0,0.009967098
0,0.039247125
0,0.13666017
0,0.022095734
0,0.019992037
1,0.61623514
1,0.6398842
1,0.74568796
1,0.96771
1,0.9222154
0,0.043131772
1,0.76853687
1,0.6783956
0,0.12656935
0,0.103667445
0,0.30625433
1,0.32642022
0,0.055181704
0,0.056519855
0,0.30836976
0,0.111245945
0,0.013081091
0,0.0054201684
0,0.025252981
1,0.39509964
0,0.6365942
1,0.94699174
0,0.005740892
0,0.708815
0,0.22368935
1,0.89151025
0,0.26956376
1,0.84754825
0,0.0014911657
0,0.013068085
0,0.0024655377
0,0.015253857
0,0.0021666216
0,0.22443254
0,0.002210932
0,0.0029412585
0,0.0033972436
0,0.42910865
0,0.77644515
0,0.016618267
0,0.47724327
0,0.022791443
1,0.7823227
0,0.013790649
0,0.0075562615
0,0.06572704
0,0.1151899
0,0.05434356
0,0.00089349586
0,0.006665173
0,0.537696
0,0.024363257
0,0.0006097055
1,0.8816584
0,0.14622495
0,0.8236553
0,0.11608665
1,0.82852095
0,0.105294965
0,0.06324278
1,0.98546267
0,0.44440916
1,0.989287
0,0.0006838343
0,0.008043024
0,0.90842575
0,0.00054605235
1,0.7210086
0,0.1776797
0,0.11119617
1,0.8418737
0,0.0047322013
0,0.0032824525
1,0.86821145
0,0.08468571
1,0.8733485
0,0.018060595
0,0.017767804
0,0.0002561859
1,0.93550074
0,0.0005482872
0,0.03297817
1,0.984177
0,0.8913248
0,0.3409585
0,0.64677626
0,0.004126574
0,0.0061678435
0,0.069445446
0,0.118419364
0,0.022886658
0,0.045014538
0,0.45514718
0,0.9304479
0,0.010522232
0,0.13347742
0,0.06533313
0,0.40372562
0,0.7550492
0,0.94067043
1,0.7554759
0,0.0010407269
0,0.19674034
0,0.0012817363
1,0.9334519
0,0.22812042
0,0.031472582
0,0.008319405
0,0.56502753
0,0.000168497
1,0.72410935
0,0.041726436
0,0.5209241
0,0.46578747
0,0.1254763
0,0.9563883
0,0.11597746
0,0.18858773
0,0.004460545
0,0.0023687559
0,0.839144
0,0.016272003
0,0.0013931307
0,0.021276124
0,0.12395711
0,0.029363425
0,0.4173464
0,0.08214814
0,0.044677828
1,0.7410451
0,0.12042765
0,0.045958556
0,0.3916032
0,0.0013686827
0,0.17668262
0,0.00043391576
0,0.79661906
0,0.075201884
0,0.003225635
0,0.008745252
0,0.008129471
0,0.9242256
0,0.044795275
0,0.14987887
0,0.03410997
0,0.02783573
0,0.015181391
0,0.004266237
1,0.85108113
1,0.9727439
0,0.004187607
1,0.832136
0,0.0166105
0,0.22015628
0,0.06369904
0,0.035233773
0,0.9513384
0,0.010534552
0,0.0010644656
0,0.018943511
0,0.8914756
0,0.6663776
0,0.0047711427
0,0.024612177
0,0.0042737215
0,0.003305943
0,0.019721065
0,0.002658139
1,0.28999588
0,0.61269426
0,0.0025117656
0,0.9746412
0,0.0062606013
0,0.44839588
0,0.27202675
0,0.0044448352
0,0.9504611
0,0.006511783
0,0.11507358
0,0.07611983
0,0.3308909
0,0.0017290908
0,0.012505153
0,0.016209297
0,0.07916203
0,0.012719115
0,0.730354
0,0.8035435
0,0.06590004
0,0.16267891
0,0.7219099
0,0.04189671
0,0.07272016
1,0.81033623
0,0.06437479
0,0.06548781
0,0.0235034
1,0.8746905
0,0.015513572
0,0.6919177
0,0.005166687
1,0.87826097
0,0.06007134
0,0.0030726313
0,0.0251845
0,0.062133845
0,0.0075056884
0,0.025822477
0,0.018506473
0,0.001855609
0,0.024828224
0,0.00090196525
1,0.9389104
0,0.0060358965
0,0.14529617
0,0.112883285
0,0.0028168287
0,0.040686022
0,0.16949235
1,0.9429302
1,0.95142895
0,0.012724703
0,0.45774922
0,0.2772542
0,0.0024902616
0,0.00042451252
0,0.028110962
0,0.0030360841
0,0.05461455
0,0.019689724
0,0.0011499275
1,0.98406166
1,0.94489676
0,0.07774637
0,0.028145893
0,0.0038222424
0,0.51276594
1,0.97715855
0,0.1784085
0,0.0021289638
0,0.08425075
0,0.011256644
1,0.9378845
0,0.8273363
1,0.38337198
1,0.40885696
0,0.90845805
0,0.020949164
0,0.018908875
0,0.14418694
0,0.07983617
0,0.1487483
0,0.008834557
0,0.10000869
0,0.021716487
0,0.012751004
0,0.050846282
0,0.009170575
0,0.08411565
0,0.6831897
0,0.0032683348
0,0.68819904
0,0.0052377284
0,0.008860398
0,0.10948138
0,0.03143136
0,0.010997482
0,0.9716537
0,0.004228838
0,0.6551468
0,0.13672036
0,0.030181449
0,0.059963707
0,0.007049719
0,0.014681482
0,0.55388165
0,0.04215955
0,0.0180913
1,0.825015
0,0.10806622
0,0.0011674894
0,0.031038452
0,0.08373528
0,0.0771163
0,0.03234887
0,0.32122406
0,0.24076243
0,0.030615952
0,0.019756323
0,0.012325793
0,0.83439714
0,0.094870016
1,0.57628393
0,0.9446477
1,0.81515664
0,0.0026636587
0,0.8340885
0,0.84072906
0,0.0009957592
0,0.0022346633
0,0.65080166
1,0.9298602
0,0.10000774
0,0.95388263
0,0.2487249
0,0.94383603
1,0.45789814
0,0.009114981
0,0.003169528
0,0.021390628
0,0.0006729791
0,0.00022853284
0,0.23657322
0,0.042517137
1,0.7074254
0,0.013472223
0,0.07794845
0,0.021672508
0,0.36493197
0,0.26727098
0,0.13128664
0,0.24138013
0,0.020539686
0,0.004929254
0,0.024044376
0,0.27480063
0,0.0038921838
0,0.6653885
0,0.006869895
0,0.021815946
0,0.038707115
0,0.017338831
0,0.024706786
0,0.054001823
0,0.00071300636
0,0.005903531
0,0.0046305205
0,0.062064875
0,0.16677052
0,0.035324883
0,0.08181488
0,0.014129991
0,0.023082247
0,0.008178494
0,0.011507032
0,0.0060832715
1,0.23451707
0,0.20905477
0,0.001969955
0,0.20692341
0,0.027579935
0,0.117384106
0,0.027958078
0,0.029628618
1,0.054668915
1,0.9413197
1,0.86693126
0,0.017409949
0,0.013649753
0,0.0045449813
0,0.7096475
0,0.07275685
0,0.02277004
0,0.06210936
0,0.051391527
0,0.20932777
0,0.0037354608
0,0.32562703
0,0.25076354
0,0.035544943
0,0.00014295024
0,0.9514151
0,0.008999388
0,0.108988844
0,0.11012445
0,0.019741576
0,0.62863034
0,0.018173166
0,0.016837256
1,0.9180364
0,0.3693936
0,0.15814087
0,0.1629163
0,0.00042184725
0,0.113665715
1,0.51069236
0,0.0055996077
0,0.004769721
1,0.3913531
0,0.49937102
0,0.0040485044
1,0.91486055
0,0.07728821
1,0.9013697
0,0.55449545
0,0.0010831485
0,0.0073400815
1,0.96928775
0,0.013487726
0,0.020151142
0,0.0105812615
0,0.007449307
0,0.0012906872
1,0.22058454
0,0.07111561
1,0.983266
0,0.3530009
0,0.0033122587
0,0.09931221
0,0.5666853
0,0.007051478
0,0.028927935
1,0.70576495
0,0.02358272
0,0.21628779
1,0.65644485
0,0.027760034
0,0.47291607
0,0.01250195
0,0.0011568051
0,0.3775767
0,0.00042861846
0,0.007939102
0,0.020016678
0,0.00917781
0,0.005387628
0,0.02622506
0,0.03333998
0,0.6054268
0,0.012093787
0,0.9465653
0,0.0006202376
0,0.17597416
0,0.2033196
0,0.0032290586
0,0.6936402
0,0.069013335
0,0.018950164
0,0.11076654
0,0.0021294877
0,0.061544053
0,0.012877572
0,0.018543597
0,0.0018809099
0,0.0072785923
0,0.024460336
0,0.019928645
0,0.007849573
0,0.14531878
0,0.54953575
0,0.045175117
0,0.06760166
0,0.28065702
0,0.0070699854
1,0.8098213
0,0.0013415772
0,0.13020112
0,0.022579465
0,0.16828534
0,0.0011547386
0,0.93186957
0,0.2881181
0,0.0018097209
0,0.19016872
0,0.003923122
0,0.0017778727
0,0.08040325
0,0.07145961
0,0.8425463
0,0.0629445
1,0.76019526
0,0.047385175
0,0.024327382
0,0.001909378
0,0.010510399
0,0.88486546
0,0.48465183
0,0.15533783
0,0.111561805
0,0.13296613
0,0.0025041325
0,0.0021525668
0,0.0073112934
0,0.086893044
1,0.7982034
0,0.95773715
0,0.6829235
0,0.040112864
1,0.6698436
0,0.42086205
0,0.02286394
1,0.90910244
0,0.06471511
0,0.9592742
0,0.15168914
0,0.06451417
0,0.07545341
0,0.741492
0,0.7784561
0,0.00036465735
0,0.14842021
1,0.97847956
0,0.0012384198
1,0.97703665
0,0.02129869
0,0.000772388
1,0.8934836
0,0.3526135
0,0.9803562
0,0.028032247
0,0.0018960173
0,0.18230726
0,0.1832233
0,0.040348403
0,0.03701368
0,0.002465261
0,0.13931581
0,0.24894346
0,0.0021161695
0,0.32060197
0,0.04001737
0,0.11115807
0,0.001654506
0,0.0032360216
0,0.00011302068
0,0.00085320295
0,0.65937054
0,0.084006906
0,0.03511278
0,0.005385283
0,0.0005747248
0,0.01845418
1,0.88501316
0,0.002104433
0,0.4965431
0,0.011753077
0,0.96335167
0,0.05751372
0,0.0006420513
0,0.69019145
0,0.67828006
0,0.3245002
0,0.001397259
0,0.59317595
0,0.7873185
0,0.5022201
0,0.00024528714
0,0.012574987
0,0.76533675
0,0.012278208
0,0.005560148
0,0.00033928172
0,0.01621465
0,0.00032061324
0,0.008557788
1,0.96996945
0,0.00014633777
1,0.9573743
0,0.008856308
1,0.06854395
0,0.39200804
0,0.010849487
0,0.00071713293
0,0.015433114
0,0.07864409
1,0.81104416
0,0.00015100853
0,0.112271145
0,0.18021876
0,0.47684476
0,0.7973881
0,0.0034799415
0,0.6113406
0,0.079719126
0,0.3575149
0,0.44481733
0,0.012985242
0,0.02754969
0,0.0068342034
1,0.8210919
1,0.01874112
0,0.23605008
0,0.01087852
0,0.04662958
0,0.0028670044
0,0.034278814
0,0.0013117783
0,0.24692653
0,0.0037079996
0,0.58719224
0,0.01843899
1,0.98734283
0,0.8212263
0,0.28116873
0,0.20084211
1,0.88500816
1,0.7774061
0,0.0010935616
0,0.07698174
0,0.0045370464
0,0.5157758
0,0.30911472
0,0.001959921
1,0.35188967
0,0.3288077
0,0.5261165
0,0.59224474
0,0.7010189
1,0.99145424
0,0.30067173
0,0.88767636
0,0.047049005
0,0.45685217
0,0.761096
0,0.5743273
0,0.009318923
0,0.019910524
0,0.27577233
0,0.013097749
0,0.039998397
0,0.040079057
0,0.13659142
0,0.010425838
0,0.01976634
0,0.055775397
0,0.62746584
0,0.7549217
0,0.008964071
0,0.24763106
0,0.0006567448
0,0.006595952
0,0.04516535
0,0.8709952
0,0.014187471
0,0.90959597
0,0.00451819
0,0.12552324
0,0.034158796
0,0.003163891
0,0.0743823
0,0.00016367043
0,0.0048988974
0,0.55313194
0,0.0753512
0,0.14728726
1,0.796657
0,0.0037247492
0,0.001910876
0,0.5880569
0,0.933562
0,0.014534773
0,0.68394834
0,0.32866317
0,0.032451704
0,0.0016884377
0,0.000333848
0,0.5615088
0,0.021591939
0,0.02833999
0,0.04200542
1,0.8270181
0,0.013215954
0,0.024913395
0,0.7165336
0,0.21669006
0,0.77536803
0,0.63535655
0,0.016091289
0,0.028715368
0,0.12141111
0,0.0065629557
0,0.013372966
0,6.7788154e-05
0,0.8386074
0,0.02743197
0,0.8955318
0,0.04484719
0,0.017724672
0,0.115814485
0,0.0019834077
0,0.0003243168
0,0.004853897
0,0.032835808
0,0.013219077
0,0.00509107
1,0.8872717
0,0.06569695
0,0.0024169383
0,0.0013589968
0,0.005000749
0,0.43975842
0,0.1445739
0,0.9692992
0,0.23634702
0,0.37377754
0,0.028890647
0,0.0008102966
0,0.4331801
0,0.0014000569
0,0.54994804
0,0.3546652
0,0.012013909
0,0.20475481
0,0.23703623
0,0.003130354
0,0.0028088186
0,0.01920488
0,0.008418234
0,0.0077683935
0,0.05984639
0,0.011063908
0,0.034040708
0,0.020602044
0,0.00064262794
0,0.013702547
0,0.08757712
0,0.5753581
0,0.0064226324
0,0.31120014
0,0.056105673
0,0.009884432
1,0.95769536
0,0.0026241716
0,0.0112088155
0,0.0015478818
0,0.8356319
0,0.00086827757
0,0.038966767
0,0.3548219
0,0.0010450517
0,0.009921625
0,0.19014281
0,0.0019681193
0,0.038387805
0,0.56746644
0,0.028428512
0,0.2908816
1,0.9321013
0,0.3609102
0,0.105089635
0,0.49803153
0,0.019713534
0,0.15054655
0,0.2723394
0,0.10001925
0,0.00374897
0,0.50253195
0,0.0010829308
0,0.013855189
0,0.22542728
0,0.008212971
0,0.50481945
0,0.18997328
0,0.009532993
0,0.020131975
0,0.5581557
1,0.89648706
0,0.8223524
1,0.9015502
0,0.21781546
0,0.041087218
0,0.044445634
0,0.7022399
0,0.019802822
0,0.009499402
0,0.3831726
0,0.0044612037
1,0.9657003
0,0.31993186
0,0.005964132
0,0.28270215
0,0.2681245
1,0.7079541
0,0.24949726
0,0.00672741
0,0.07582566
1,0.9288769
1,0.11866717
0,0.47976726
1,0.35430515
0,0.0022277283
0,0.004108109
0,0.029818961
0,0.030329304
0,0.019860096
0,0.7464799
0,0.0024852257
0,0.00067877304
0,0.0048294123
0,0.31611183
0,0.034802843
0,0.5887935
0,0.4720678
0,0.11013954
0,0.025371365
1,0.8371031
0,0.015958965
0,0.82989234
0,0.061727535
0,0.27718928
0,0.0055142115
0,0.00040670353
0,0.045958556
0,0.007967725
0,0.01958909
0,0.09694446
0,0.25681928
0,0.08325146
0,0.067075156
1,0.2421582
0,0.14937213
0,0.2514532
0,0.9178626
0,0.022735264
0,0.11749629
0,0.0018107023
0,0.08759895
0,0.0929864
0,0.014284687
0,0.0022523808
0,0.04035286
0,0.0024742987
0,0.0052751275
1,0.8318744
0,0.0018165308
1,0.6160724
0,0.0012472508
0,0.22581793
0,0.1550976
0,0.9190183
0,0.034715492
0,0.034011617
0,0.031250443
0,0.028920235
0,0.002783907
0,0.013209165
0,0.004769968
0,0.33118656
1,0.95912564
0,0.00019605829
0,0.003263214
0,0.111054495
0,0.005257205
0,0.8337657
0,0.019707024
0,0.613303
0,0.013692774
0,0.017292842
0,0.025092646
0,0.047059678
1,0.7652256
0,0.52004737
0,0.22069885
0,0.0027175534
0,0.007172942
0,0.009055919
0,0.01208167
0,0.00076901226
0,0.2665055
0,0.002066771
0,0.0022865084
0,0.91792095
0,0.0010718069
0,0.0010683174
0,0.862559
0,0.25919393
0,0.40556306
1,0.97279435
0,0.29709208
0,0.018763827
0,0.7886706
0,0.9694546
0,0.55999845
0,0.0151960915
0,0.1130358
0,0.15888494
0,0.008991052
0,0.0043144603
0,0.041540924
0,0.013507455
0,0.9509976
0,0.012121266
0,0.3380464
0,0.07581497
0,0.44739124
0,0.04691271
0,0.04854071
0,0.3310744
0,0.018044582
1,0.9742606
0,0.0725901
0,0.12083949
0,0.0058549624
0,0.002783943
0,0.0024479518
0,0.0008511879
0,0.0070538726
1,0.69216186
0,0.016764326
1,0.72425073
0,0.17478675
0,0.032282848
0,0.06985186
0,0.041349582
0,0.6456523
0,0.36625427
0,0.028307548
0,0.52610004
0,0.022426795
1,0.7807218
0,0.20115755
0,0.0009153521
0,0.08025636
0,0.04220713
0,0.31273594
0,0.0011102379
0,0.3879619
0,0.19921476
0,0.000179408
0,0.00029398603
0,0.058650628
0,0.0073185754
0,0.26851082
0,0.022508403
0,0.008843601
0,0.1714726
0,0.0018080892
0,0.0067423196
0,0.0062126075
0,0.74998575
0,0.0005800121
0,0.010552191
0,0.39325526
0,0.29819217
0,0.000116399955
1,0.680044
0,0.026354177
0,0.05431392
0,0.026574241
0,0.02367164
0,0.030069428
1,0.7606369
0,0.015535266
0,0.030799106
0,0.073520735
0,0.7782331
0,0.45086923
0,0.010297608
0,0.034665067
0,0.11640151
0,0.004707166
0,0.0036092543
0,0.59821343
0,0.015412399
0,0.015910946
0,0.01979786
1,0.94152635
0,0.030258838
1,0.45257753
0,0.09369825
0,0.67678136
0,0.0020435222
0,0.00833993
0,0.13727424
0,0.6627304
0,0.010957375
0,0.027731942
0,0.051410664
0,0.08515643
0,0.3656492
0,0.16563188
0,0.21549718
0,0.859675
1,0.7135239
0,0.07801896
0,0.0047955536
0,0.0023701896
0,0.40640157
0,0.43288806
0,0.013770735
0,0.00896391
0,0.040070087
0,0.00032857517
0,0.026273262
0,0.00036068732
0,0.00267125
0,0.0041571064
0,0.968386
0,0.3424767
1,0.9426554
1,0.83715886
0,0.0042068455
1,0.88654464
0,0.030851316
0,0.066318326
0,0.032114267
0,0.03238838
0,0.0024591826
0,0.00080574077
1,0.76998144
0,0.12542273
0,0.0041612303
0,0.7364082
0,0.02415068
0,0.05617829
1,0.034604046
1,0.7687588
0,0.027707897
0,0.0019723368
0,0.53806704
0,0.008825709
0,0.0021699045
0,0.7760833
0,0.045013983
0,0.14657946
0,0.0044518993
0,0.53130823
0,0.7757662
1,0.91679865
0,0.009545256
0,0.09508955
0,0.04118967
0,0.07195999
0,0.0048726792
0,0.5747334
0,0.21363014
1,0.8292885
0,0.16757648
0,0.36353356
0,0.47437185
0,0.00059611857
0,0.049323183
0,0.17502917
0,0.012862155
0,0.14837138
0,0.12698828
0,0.040749412
0,0.060108516
0,0.0040808986
0,0.0014872014
0,0.7934643
0,0.30505562
0,8.1953236e-05
0,0.005734168
0,0.0028362304
0,0.11748727
0,0.023099909
0,0.103910886
0,0.1741214
0,0.019578418
0,0.64902353
0,0.06275161
0,0.04585418
0,0.10065077
0,0.011422732
0,0.60348725
0,0.70372945
1,0.9803831
0,0.2247986
0,0.5579334
0,0.18732859
0,0.060411718
0,0.28059977
0,0.0012045072
0,0.022905655
0,0.005600014
0,0.03203446
0,0.71272343
0,0.019299818
0,0.312556
0,0.003673558
0,0.0038541532
1,0.86335486
0,0.058551207
1,0.5263511
0,0.00021550307
0,0.325457
1,0.92310137
0,0.8582715
0,0.005411238
0,0.88939553
0,0.010748641
0,0.011308433
0,0.0009952314
0,0.35238868
1,0.86781543
0,0.27843103
0,0.018648656
0,0.01689389
0,0.029771049
0,0.00120678
0,0.06805748
1,0.54241467
1,0.7291513
0,0.05464042
0,0.09640504
0,0.10361105
0,0.15819378
0,0.76474553
0,0.815709
0,0.13550727
0,0.008286518
1,0.6468652
0,0.32311687
0,0.012120507
0,0.061115734
0,0.0010358943
0,0.012339423
0,0.017448712
1,0.9159525
0,0.00031159402
0,0.09039593
0,0.061004877
0,0.027218081
0,0.032903843
1,0.4880893
0,0.022013135
0,0.13023956
0,0.026020823
0,0.10920375
0,0.0060890433
1,0.85015494
0,0.15689048
0,0.20969774
0,0.027231839
0,0.027595676
0,0.0034190153
0,0.0020972118
0,0.008010834
0,0.028799929
0,0.14369716
0,0.013374974
1,0.7724658
1,0.3136825
0,0.5586168
0,0.04915418
0,0.014793731
0,0.008073351
0,0.05867728
1,0.9074246
0,0.007102482
0,0.01633379
0,0.01343968
1,0.5916497
0,0.016448215
0,0.04143018
1,0.8827982
0,0.0009786539
0,0.020049311
0,0.22289188
0,0.00601988
0,0.026263475
0,0.13300033
0,0.38649595
0,0.63759893
0,0.1790257
1,0.79983896
0,0.01583407
0,0.01230063
0,0.00022215673
0,0.027665216
0,0.04484095
0,0.02721969
1,0.9036562
0,0.5197198
0,0.04249443
0,0.006878404
1,0.98112774
1,0.75621885
0,0.086457096
0,0.14716226
1,0.42288837
0,0.022575088
0,0.0005385502
0,0.0010456184
0,0.34220064
1,0.40975517
0,0.7571901
0,0.000106337975
1,0.9435667
0,0.013270477
0,0.07784142
0,0.38784522
0,0.00639775
0,0.012294711
0,0.0017548325
0,0.03405726
0,0.021842428
0,0.6713477
0,0.0013004043
0,0.014259382
0,0.0031789143
0,0.027769651
0,0.026815584
0,0.19920723
0,0.75823116
0,0.016419604
0,0.122948185
0,0.00086593686
0,0.016680354
0,0.0008064732
0,0.9078162
0,0.0074158884
0,0.24761805
0,0.045397446
0,0.060147174
0,0.0056369747
1,0.94502574
0,0.17621708
1,0.15877365
0,0.0016771164
0,0.85870564
0,0.000893627
0,0.0038992835
0,0.0030866032
0,0.009482618
0,0.103286624
0,0.14303808
0,0.047162015
0,0.67364395
1,0.64500874
0,0.00078716734
0,0.033423338
0,0.35415944
0,0.6808581
0,0.0020157988
0,0.066987336
0,0.020203
0,0.04058301
1,0.78189343
0,0.49969107
0,0.010064176
0,0.51212984
0,0.0006652498
0,0.002986501
1,0.6086635
0,0.009331491
0,0.0019085612
0,0.4117528
0,0.0017299511
0,0.021953275
0,0.01713184
0,0.51612836
0,0.4320858
0,0.19536252
0,0.0018502902
0,0.012432488
0,0.06408638
0,0.001543137
0,0.09655902
0,0.084172696
0,0.017953904
0,0.25956696
0,0.06273964
1,0.9019275
0,0.07183465
0,0.0033117267
0,0.009996114
0,0.007012788
0,0.0007180866
1,0.59556437
0,0.21618462
0,0.010669857
0,0.20622608
0,0.011197016
0,0.16030712
0,0.00028958684
0,0.51843953
0,0.13440116
0,0.013301046
0,0.0026328345
0,0.040512815
0,0.054472998
0,0.00021751768
0,0.0012127397
0,0.2652678
0,0.0007944268
0,0.016790967
0,0.028508322
1,0.65821785
0,0.18055701
0,0.08338025
0,0.5347245
0,0.0474592
0,0.030840775
0,0.028279852
0,0.9158127
0,0.9158926
0,0.016245948
0,0.020382103
0,0.83379745
0,0.1062588
0,0.44569826
0,0.0026439554
0,0.17015447
0,0.31874266
1,0.7900588
0,0.021387737
0,0.008482957
0,0.013603012
0,0.08834596
0,0.021389095
0,0.00538107
0,0.0002708074
1,0.8874413
0,0.0026396147
0,0.33917013
0,0.0064331843
0,0.0408654
0,0.15888791
0,0.023381902
0,0.08658342
0,0.006923275
0,0.68446577
0,0.017707355
0,0.81838846
0,0.73639
0,0.19774064
0,0.5879345
0,0.0065625613
0,0.63158405
0,0.024753159
0,0.021794194
0,0.720103
0,0.9373311
0,0.009892
0,0.2990872
0,0.8622062
0,0.019691655
0,0.67589706
0,0.0058753784
0,0.0069831586
0,0.02131742
0,0.9421893
0,0.04532488
0,0.0008621657
0,0.020343497
0,0.36106706
0,0.00026030207
1,0.7142313
0,0.04958847
0,0.33351192
0,0.029108688
0,0.6799155
0,0.04396233
0,0.17167868
0,0.032548856
0,0.04848803
0,0.07786679
0,0.17272568
0,0.8884145
0,0.029516606
0,0.024862777
0,0.008684512
0,0.014933324
0,0.0007530112
0,0.072294176
0,0.009470837
1,0.98106134
0,0.0054987213
0,0.35601816
0,0.015114543
0,0.017547578
0,0.0020920597
0,0.009124163
0,0.016813222
0,0.017903766
0,0.04291175
1,0.689895
0,0.014117893
0,0.0023365272
0,0.0016429222
0,0.06150746
0,0.0020238159
0,0.1776133
0,0.0032354542
0,0.00016551068
0,0.014095597
1,0.8066452
0,0.0011703979
1,0.96627766
1,0.9407361
0,0.005541691
0,0.3627127
1,0.80225825
0,0.16212465
0,0.00053430465
0,0.4991307
0,0.672551
0,0.27466118
0,0.6337766
0,0.08582462
0,0.4417916
0,0.0015406683
0,0.105256066
0,0.00599735
0,0.00085518206
1,0.961634
0,0.065583505
0,0.0026175166
0,0.0019703018
0,0.014482854
0,0.006055303
0,0.032789152
1,0.9549829
0,0.006408924
0,0.0007060606
1,0.95169556
0,0.01702032
0,0.5638217
0,0.14080411
0,0.01942771
0,0.22463481
0,0.027558995
0,0.03793831
0,0.045334283
0,0.0108676385
0,0.01230748
0,0.89967436
0,0.3852206
1,0.9283709
0,0.0013037869
0,0.031358834
0,0.68823516
0,0.048851397
0,0.05898587
0,0.030928373
0,0.025867358
0,0.2921461
0,0.14357391
0,0.7682241
0,0.012773774
0,0.023002941
0,0.061237317
0,0.018055081
0,0.7612911
0,0.0018199326
0,0.058871068
0,0.023650637
1,0.9799912
0,0.017625192
0,0.0061619068
0,0.016893731
0,0.022609666
1,0.7215352
0,0.21619916
0,0.0043985024
1,0.8495345
0,0.6611808
0,0.8821656
1,0.756828
0,0.50687754
0,0.86126065
0,0.28422037
0,0.006148261
0,0.010841313
0,0.010829333
0,0.044452693
0,0.9380235
0,0.0016110505
0,0.0064838757
0,0.38662055
0,0.68744147
0,0.03313789
0,0.00030890742
0,0.017512731
0,0.0064296317
0,0.059129857
0,0.009822544
0,0.4162855
0,0.023339827
0,0.10869067
0,0.06917353
0,0.44036344
0,0.014657792
0,0.14363687
0,0.9433429
0,0.37092882
0,0.84407353
0,0.31449378
0,0.2724502
0,0.9891138
0,0.004336142
0,0.11012757
0,0.0053494205
0,0.7408103
1,0.88409305
0,0.0026518637
0,0.062162362
0,0.023821132
1,0.5728992
0,0.012768682
0,0.60657626
0,0.56033003
0,0.9491527
0,0.33132118
0,0.0205375
0,0.07406907
0,0.11849492
0,0.0027720502
0,0.25581363
0,0.030985674
0,0.027338006
0,0.0014775061
0,0.076759025
0,0.0025699805
0,0.087064244
0,0.0042054434
0,0.0034630233
0,0.026074855
1,0.58462644
0,0.6111169
0,0.09221701
0,0.019756027
0,0.04697896
1,0.82710856
0,0.30024678
0,0.0025845685
0,0.076374665
0,0.62800896
0,0.2688984
0,0.0026101486
0,0.00068952615
0,0.0030401885
0,0.57982045
0,0.0016202689
0,0.21675907
1,0.88419616
0,0.35381484
0,0.0060348036
0,0.012828971
0,0.786715
0,0.0072035417
0,0.0050461898
1,0.15401503
1,0.66928595
0,0.0042500603
1,0.77645487
0,0.06631723
0,0.7886451
0,0.036913745
0,0.0026757405
0,0.0028364705
0,0.012647926
0,0.0074541704
0,0.24067926
0,0.0003869887
0,0.11993842
0,0.021342136
1,0.99218106
0,0.4889238
0,0.042766545
0,0.047534335
0,0.08667107
1,0.9429636
0,0.73051053
1,0.55030495
0,0.5392129
1,0.87482566
1,0.8236193
0,0.16411561
0,0.014970406
0,0.012253793
0,0.0019033707
0,0.17150998
0,0.0018153526
0,0.37761253
1,0.9307398
0,0.3497727
0,0.19662145
0,0.034822665
0,0.027180066
0,0.78038687
0,0.78682536
0,0.26468614
0,0.022704713
0,0.00033954706
1,0.79117465
0,0.0046200356
0,0.21022348
0,0.13125126
0,0.0068473076
0,0.0018783879
0,0.21714018
0,0.03133799
0,0.0016670187
0,0.023383329
0,0.021289071
0,0.34493557
0,0.0028623096
0,0.06505012
0,0.017258605
0,0.4708273
0,0.024144612
0,0.008298549
0,0.44244307
0,0.0018809491
0,0.0042051403
0,0.051888812
0,0.053661633
0,0.012958292
0,0.64261156
0,0.31375828
1,0.19502956
0,0.033024628
1,0.08997624
0,0.03415348
0,0.29605687
0,0.035918754
0,0.0024218985
0,0.06844256
0,0.0044842553
0,0.06673705
0,0.057229523
0,0.020257814
0,0.036692854
0,0.012621722
0,0.016879704
0,0.004319919
0,0.046380498
0,0.021708777
0,0.2525215
1,0.81946343
0,0.9211354
0,0.18741792
0,0.00056010316
1,0.95206255
0,0.015447714
0,0.07428962
0,0.029606787
0,0.1764475
0,0.009131646
0,0.03759358
0,0.0017595615
0,0.0008526024
0,0.0065854467
0,0.0036270493
0,0.014410801
0,0.050288573
0,0.067025624
0,0.24306306
0,0.37013972
0,0.011082043
0,0.0071562063
0,0.74508923
1,0.9657875
0,0.0017779422
0,0.5554205
0,0.102564596
0,0.030291233
0,0.15256539
0,0.06498165
0,0.003092281
0,0.10129612
0,0.83286566
1,0.94876915
0,0.017183335
0,0.033165976
0,0.008426425
0,0.009472189
0,0.012920673
0,0.03281496
0,0.34221885
0,0.038734064
0,0.48719618
0,0.20563418
0,0.5330992
1,0.89764005
0,0.03654681
0,0.068606585
0,0.28809938
0,0.46881217
0,0.56149524
0,0.3210427
0,0.79035497
0,0.016458794
0,0.047574993
0,0.020301465
0,0.08552908
0,0.0020910644
0,0.0019585048
0,0.9831949
0,0.026649082
0,0.7990931
0,0.041109033
0,0.030769447
0,0.006127461
0,0.22112843
0,0.014366751
0,0.78780544
0,0.24771348
0,0.19641449
0,0.003220134
0,0.3909559
0,0.0045382893
1,0.56147003
0,0.9356413
0,0.23429196
1,0.93998116
1,0.8393398
0,0.13799047
0,0.0017852308
0,0.017539294
0,0.40371412
0,0.5954471
0,0.0010383743
0,0.33046326
0,0.05378997
0,0.0011343333
1,0.7018554
0,0.027576996
0,0.0048897425
0,0.005843763
0,0.30338082
0,0.0008783984
1,0.8453678
0,0.035418972
0,0.02454183
0,0.79687625
0,0.2547517
0,0.00043905995
0,0.44890738
0,0.39463767
0,0.01812556
0,0.0033718883
1,0.81731707
0,0.008041
0,0.17063151
0,0.4612969
0,0.0033136206
0,0.095323764
0,0.054233514
0,0.021344943
0,0.01251954
1,0.9358396
0,0.00060287653
0,0.11345762
1,0.91594017
0,0.000214053
0,0.39332628
0,0.25778845
0,0.0048128073
0,0.68222404
0,0.007690714
0,0.11166419
0,0.004860839
0,0.042095322
0,0.0030606934
0,0.102797605
0,0.5069287
0,0.054987606
1,0.99405706
0,0.004837931
0,0.008116022
0,0.026254324
0,0.0012154435
0,0.088328145
1,0.6129982
0,0.23571743
0,0.0033790814
0,0.0068911845
0,0.043460008
0,0.02115103
1,0.753043
0,0.17816137
0,0.043021407
0,0.07034948
0,0.052910015
0,0.052778326
0,0.0019791978
0,0.85369945
0,0.102230355
0,0.45512444
0,0.90697205
0,0.00065649825
0,0.08280911
0,0.122949556
0,0.9251631
0,0.5324065
0,0.0022470239
0,0.29266968
0,0.0030475701
0,0.028443469
1,0.5635154
0,0.010853352
1,0.92418885
0,0.44573307
0,0.0026944804
0,0.00022853348
0,0.0038762968
0,0.75368625
0,0.11805425
0,0.031877495
0,0.3013819
0,0.056023575
0,0.06665677
0,0.0006125003
0,0.019710217
1,0.8921232
0,0.030851664
0,0.0025295527
0,0.19113673
1,0.9600885
0,0.0005235548
0,0.13117465
0,0.024986656
0,0.5057407
1,0.28818953
0,0.0074468507
0,0.30862778
0,0.013164749
0,0.0019011219
0,0.0021767893
0,0.08661588
0,0.15400285
0,0.015245378
0,0.8165745
0,0.046116028
0,0.16242687
0,0.04367059
0,0.0037180698
1,0.9684825
0,0.48423287
0,0.012872985
1,0.91816944
0,0.35879332
0,0.07425228
0,0.00044479122
0,0.6803494
0,0.0021515018
0,0.75698644
1,0.8603792
0,0.047096312
0,0.24444573
0,0.08710797
1,0.9713751
0,0.043242026
0,0.004176463
1,0.89862794
0,0.025292942
0,0.00025970687
0,0.09428199
0,0.005080948
0,0.562136
0,0.6822836
0,0.3716525
0,0.0018637895
0,0.15895873
0,0.019546667
0,0.02331104
0,0.7672977
0,0.63838905
0,0.0082211355
0,0.017046493
1,0.8109601
0,0.0024121432
0,0.01038778
0,0.013888514
0,0.0055233003
0,0.40971258
1,0.59577066
1,0.8915012
0,0.015901437
0,0.9047908
1,0.86467105
1,0.78856426
0,0.026459577
0,0.19281162
0,0.013910036
0,0.32205427
0,0.0001135866
0,0.051726837
1,0.9208413
0,0.586354
1,0.10411375
0,0.009845346
0,0.10547854
0,0.01862164
0,0.2171534
0,0.0007807267
0,0.018252172
0,0.00018104224
0,0.011617855
0,0.9707765
1,0.94313514
0,0.0027132856
0,0.013053561
0,0.047115922
0,0.0075610047
1,0.81818223
0,0.40733257
0,0.0016934032
0,0.0035997734
0,0.0010342795
0,0.89510673
0,0.02374521
0,0.07063788
0,0.075454324
0,0.0046704886
0,0.0013434644
0,0.24249122
0,0.021975622
0,0.0030217208
0,0.3671639
1,0.99195063
0,0.009638836
0,0.032811027
0,0.0046064514
0,0.23879169
0,0.013809391
0,0.0045736167
0,0.34050846
0,0.017962718
0,0.26597366
0,0.024022974
0,0.6685176
0,0.0031222547
0,0.0050959657
0,0.019905398
0,0.33446878
0,0.007298866
0,0.5010467
0,0.3954828
0,0.1330081
0,0.0007137606
0,0.016299313
0,0.0004836429
0,0.41354862
0,0.050220445
0,0.018528987
0,0.03272949
0,0.69912916
0,0.021261606
1,0.033191588
0,0.37352836
0,0.009839988
1,0.9733061
0,0.22226438
1,0.95374936
1,0.47434568
0,0.15039212
0,0.011598176
0,0.5076175
0,0.0014788643
0,0.66620225
0,0.0013014023
0,0.041790146
0,0.07844665
0,0.030622024
0,0.006090264
1,0.5742863
0,0.015032029
0,0.25184235
0,0.0010775873
0,0.40066153
0,0.059676755
0,0.00944938
0,0.020837957
0,0.00855154
0,0.0016313507
0,0.07951266
1,0.88103986
0,0.37080404
0,0.09465414
0,0.90318245
0,0.029728606
1,0.96880037
0,0.0015787912
0,0.0059924885
0,0.0010825136
1,0.26167595
0,0.014376484
0,0.022612095
1,0.46177682
0,0.2741171
0,0.0048212013
1,0.55603063
0,0.48416623
0,0.70904934
0,0.19395599
0,0.9240307
0,0.32388723
1,0.6789537
1,0.3798181
0,0.13085824
0,0.014717665
0,0.034878634
0,0.898403
0,0.10978418
0,0.90427893
0,0.0020096975
0,0.010312767
0,0.02199407
0,0.84282094
0,0.3065384
0,0.0067229476
0,0.76328325
0,0.00866329
0,0.0017012042
0,0.71825
0,0.026722154
0,0.36722422
0,0.0011965785
0,0.90391725
0,0.5876635
0,0.003645133
0,0.0067579974
0,0.88019955
0,0.275274
0,0.0004374814
0,0.0077533247
0,0.26496366
0,0.005344447
1,0.9675039
0,0.007763757
0,0.41291133
0,0.0030363193
0,0.03083587
0,0.60910445
0,0.0023282142
0,0.00088798633
0,0.012445047
0,0.13417353
0,0.0013080805
0,0.020301014
0,0.05821997
0,0.17680876
0,0.007063444
0,0.0031559125
0,0.0037567148
0,0.905137
1,0.55775476
1,0.900695
1,0.97791016
0,0.8184382
0,0.00028791718
0,0.0010157204
0,0.01084699
1,0.87720746
0,0.2371766
0,0.01497471
0,0.0011246288
0,0.15424703
0,0.39958903
0,0.005066477
0,0.0020646192
0,0.040031668
0,0.74064106
0,0.003066663
0,0.032939367
0,0.16435072
0,0.008850324
0,0.56566954
0,0.58721936
0,0.027289486
0,0.013895098
1,0.94439083
0,0.058136806
0,0.08414225
0,0.015187322
0,0.010358601
0,0.026602663
0,0.16236624
0,0.029566776
0,0.007112092
0,0.76460356
0,0.04603857
0,0.023525756
0,0.019097945
0,0.06969432
0,0.008382372
0,0.012452258
0,0.09560932
0,0.4325151
0,0.87249094
0,0.7966342
0,0.5838897
0,0.0055847904
0,0.07827037
0,0.9857794
0,0.6773746
0,0.051532708
0,0.023537617
0,0.0011916902
0,0.6798225
0,0.06959798
1,0.974256
0,0.0014927129
0,0.020001272
0,0.043845575
0,0.014593539
1,0.97340775
0,0.0005565435
0,0.0062304176
0,0.0072795367
0,0.018872948
1,0.24019031
0,0.008009099
1,0.93995
0,0.6196804
0,0.8050128
0,0.11049474
0,0.035768054
0,0.007100532
1,0.9255099
0,0.73695856
0,0.6708304
0,0.00084583677
0,0.04962976
0,0.031642515
0,0.09144042
0,0.038069136
0,0.23996162
0,0.0049462207
0,0.013415525
0,0.018702334
0,0.005957453
0,0.83098644
0,0.110749274
0,0.0076023
0,0.027974702
0,0.036089066
1,0.68486106
0,0.015542502
1,0.6842799
0,0.17689283
0,0.0017303802
0,0.5216305
0,0.38859463
1,0.8355054
0,0.01694337
0,0.00838081
0,0.0025453048
0,0.44113517
0,0.029846743
0,0.92416185
0,0.024998484
0,0.18045786
0,0.0010889802
0,0.04592755
0,0.0027248247
0,0.0024132277
0,0.4389576
0,0.0056974106
1,0.96657217
0,0.011786927
0,0.021595668
0,0.0018344546
1,0.8718728
0,0.005081093
0,0.0029485913
0,0.051623892
0,0.39074853
0,0.0031955056
0,0.7067538
0,0.19067757
0,0.867333
0,0.022163147
0,0.026189758
0,0.12655242
0,0.0018861099
0,0.0108461045
1,0.9886354
0,0.91677403
0,0.08182794
0,0.28423104
0,0.23778458
0,0.030772705
0,0.053968873
0,0.57377416
0,0.10538823
0,0.029284166
0,0.5948821
0,0.63934517
0,0.9264231
0,0.84267557
0,0.0059323763
0,0.83404493
0,0.012103994
0,0.09165562
1,0.8669046
1,0.9561739
0,0.11130343
0,0.0072399164
0,0.48072278
0,0.11839166
0,0.13510607
0,0.30310494
0,0.884907
0,0.014036743
0,0.00022022304
0,0.012511561
0,0.012910242
0,0.00116492
0,0.0025914526
0,0.84203184
0,0.021959696
1,0.867251
0,0.7022079
0,0.009783492
0,0.01668173
0,0.45390865
0,0.85505545
0,0.018051485
1,0.7341099
0,0.075145245
0,0.12435721
0,0.11306833
1,0.7590692
1,0.5626231
0,0.0032818862
0,0.02614844
0,0.0063234246
0,0.0033800849
0,0.020286504
0,0.0066539375
0,0.005915164
0,0.024677442
0,0.074617654
0,0.008572551
0,0.0032254325
0,0.18099667
0,0.0014316303
0,0.19353831
0,0.1612819
0,0.015492631
0,0.31389707
0,0.011173952
0,0.0051681674
0,0.0007091046
0,0.63102484
0,0.6902509
0,0.045841698
0,0.0019893583
1,0.5898103
0,0.013261009
0,0.015966695
0,0.01983424
0,0.016598135
0,0.15399717
0,0.26501736
0,0.035466563
0,0.88646936
0,0.04613471
1,0.8910437
1,0.9825433
0,0.0012027262
0,0.89745194
0,0.0006094388
0,0.13360296
0,0.005152315
0,0.0051111877
0,0.06716725
0,0.0023470782
0,0.14700496
0,0.00026687453
0,0.0013831253
0,0.059364267
0,0.10234066
0,0.0048294123
0,0.0031319417
0,0.086176574
0,0.05765532
0,0.00192617
0,0.15467855
1,0.9728469
0,0.006382981
1,0.65196604
0,0.21163644
0,0.009845918
0,0.83681536
0,0.0063840305
0,0.010861376
0,0.071508
0,0.0018132007
0,0.22799958
0,0.22634025
0,0.36431316
1,0.8074325
0,0.5992215
0,0.0640544
0,0.017698316
0,0.0032722887
0,0.014418177
0,0.009659983
0,0.7351734
0,0.0005928888
1,0.5887487
0,0.037665647
0,0.00829743
0,0.040053528
0,0.0049920375
0,0.005012852
0,0.09934345
0,0.004032183
0,0.57470655
0,0.10456254
0,0.01424654
0,0.0026756069
0,0.45443487
0,0.3575179
0,0.28231144
0,0.004248501
0,0.00085091667
0,0.0164725
0,0.53941333
0,0.28056923
0,0.012256811
0,0.62603647
0,0.10304761
0,0.012921756
1,0.8404548
1,0.88814616
0,0.0105297165
1,0.57122356
0,0.064728834
0,0.024540935
0,0.013017764
1,0.87048274
0,0.037642952
0,0.05034424
1,0.22862396
0,0.058790654
0,0.002974208
0,0.7906838
0,0.22830245
0,0.050369255
0,0.08266304
0,0.047349673
0,6.5535656e-05
0,0.40379208
0,0.010673835
0,0.0149777755
0,0.017820265
0,0.006539507
0,0.012960068
0,0.18271327
0,0.045844723
0,0.010160178
1,0.9412562
0,0.0046377457
0,0.011192635
0,0.021934813
0,0.0020849938
0,0.033097666
1,0.9824578
0,0.22398825
0,0.009276139
0,0.050542366
0,0.598981
0,0.5081078
0,0.12138037
0,0.5563497
0,0.02944793
0,0.050985467
0,0.03296866
0,0.93476176
0,0.04126976
0,0.004568839
0,0.9559666
0,0.0057999664
0,0.4051255
0,0.31330913
0,0.087853245
0,0.12644115
1,0.35873446
0,0.022525191
0,0.0029180355
0,0.2163588
0,0.28259748
0,0.69145364
0,0.04104263
0,0.14061835
0,0.17688257
0,0.1665993
0,0.39209884
0,0.21130458
0,0.1504181
0,0.0009450805
0,0.051008325
0,0.0010359851
0,0.003405173
0,0.8735801
0,0.025353879
0,0.060872793
0,0.31688395
1,0.33207121
0,0.06214115
0,0.023831606
1,0.8000284
0,0.592101
0,0.012782195
0,0.00015713167
0,0.092185944
0,0.35622054
0,0.43760726
0,0.004304059
0,0.010050077
1,0.92645764
0,0.017559363
0,0.0064295097
0,0.7988831
0,0.1734653
0,0.010564087
0,0.39917803
0,0.022616278
1,0.9329482
0,0.003062341
0,0.002156801
0,0.0032887517
0,0.6150258
1,0.92637527
0,0.5949364
0,0.028313538
0,0.006637726
0,0.032061603
0,0.00030116687
0,0.11076654
0,0.03386161
0,0.00092001463
0,0.055123385
0,0.3748557
0,0.033117052
0,0.06781847
0,0.009581873
0,0.004456263
0,0.0025974002
0,0.0943635
0,0.8687281
0,0.0428968
0,0.6882576
0,0.45750788
0,0.031765882
0,0.4463873
0,0.102071665
0,0.6140365
0,0.90647787
0,0.010205504
0,0.009440743
0,0.558176
0,0.010698885
0,0.07105784
0,0.008317351
0,0.3272627
0,0.07258986
1,0.96753615
1,0.58798707
0,0.0078027835
0,0.009826171
1,0.6315186
0,0.010550335
0,0.02667784
0,0.81720227
0,0.015411378
0,0.8076408
0,0.03109341
0,0.6944926
0,0.30331767
0,0.019643432
1,0.92268854
0,0.003547169
0,0.007569468
0,0.061599288
0,0.19343548
0,0.04386147
0,0.16773248
0,0.026538327
0,0.40325814
0,0.016989363
1,0.9595799
0,0.07042381
0,0.012719821
0,0.0015381428
0,0.002854059
0,0.1377762
0,0.20918897
0,0.030936899
0,0.065325834
0,0.0017230599
0,0.0008322063
0,0.061190225
0,0.8053262
0,0.024027718
0,0.91660273
0,0.010586549
0,0.5834838
0,0.5254539
0,0.55096865
0,0.01166721
0,0.015219429
0,0.35682508
0,0.060661852
0,0.00046618434
0,0.002785508
0,0.031406146
0,0.011126629
0,0.92057204
0,0.004481174
0,0.022024026
0,0.0018256111
1,0.64560425
0,0.009017104
0,0.04374612
0,0.035572596
0,0.016001351
0,0.022517726
0,0.014370107
0,0.24478653
0,0.54713356
0,0.4449989
0,0.06109645
0,0.0005839571
0,0.7652406
1,0.809017
0,0.011337481
0,0.9939201
0,0.29000956
0,0.01611694
0,0.723969
1,0.475677
0,0.047266886
0,0.009261409
0,0.37793803
0,0.019741349
0,0.08002122
0,0.0019663593
0,0.3786201
0,0.018671198
0,7.8831115e-05
1,0.922647
1,0.9808137
0,0.009103106
0,0.2555881
1,0.9387009
0,0.8501575
1,0.59881115
0,0.00042961864
0,0.72162044
0,0.00091496017
0,0.939752
0,0.012776925
0,0.04378148
0,0.0013639281
1,0.83844644
0,0.003332802
0,0.69485456
0,0.051519174
0,0.07782315
0,0.009507853
0,0.16342331
0,0.01462098
0,0.13797435
0,0.45881814
0,0.7368715
0,0.32517895
0,0.8905205
0,0.13038091
0,0.01916706
0,0.0008245689
1,0.97958344
0,0.0017963398
0,0.012009144
0,0.012083861
0,0.66804713
1,0.91186816
0,0.00046865476
0,0.016005421
1,0.8867529
0,0.0017280246
0,0.0039122174
0,0.9368668
0,0.14949682
0,0.001030727
0,0.00053904194
0,0.0013421419
0,0.005134496
0,0.024958529
0,0.042732455
1,0.56511945
0,0.002887429
0,0.17027391
0,0.56564444
0,0.06807325
0,0.026631115
0,0.012660711
1,0.9503368
0,0.0011521671
0,0.00014352499
0,0.022618758
0,0.6091108
0,0.14743312
0,0.011083882
0,0.060665846
0,0.048047587
0,0.03907244
0,0.22038366
0,0.04639663
0,0.3475917
0,0.046481896
0,0.82600355
1,0.89984673
0,0.93408006
0,0.31119117
0,0.6478709
0,0.57544225
0,0.008410082
0,0.16549689
0,0.06434303
0,0.005467236
0,0.014038532
0,0.09313704
0,0.022126341
0,0.11904333
0,0.0011170853
0,0.005627511
0,0.6709836
0,0.0036215943
0,0.068971574
0,0.0018068907
0,0.0010258455
0,0.8446402
0,0.83457226
0,0.077271864
0,0.032879833
0,0.014475825
0,0.0092052985
0,0.0004055595
0,0.005430661
1,0.81391037
0,0.016803717
0,0.0077166096
0,0.020191653
0,0.031055013
0,0.13192844
1,0.29179636
0,0.19816583
1,0.8192873
0,0.07977822
0,0.023062132
0,0.0032733867
0,0.0013841348
0,0.019069474
0,0.78617173
0,0.5120653
0,0.5581128
0,0.7523211
0,0.2067618
0,0.45235527
0,0.74048764
0,0.009010754
0,0.0034271588
0,0.093453996
1,0.94650215
0,0.21260884
0,0.0014917005
0,0.72019285
0,0.05899843
0,0.32027993
0,0.06316181
0,0.0024288832
0,0.90130925
0,0.19167791
1,0.69098336
0,0.00072751666
0,0.6448066
0,0.07676985
1,0.3542066
0,0.11967144
0,0.3595965
0,0.01851748
0,0.16544062
0,0.023239376
1,0.90742207
1,0.9555183
0,0.0014651512
0,0.20293082
0,0.5764266
0,0.0082655605
0,0.014886463
0,0.73879683
0,0.7626902
0,0.007645542
0,0.002184757
0,0.00032366443
0,0.006590658
0,0.0041939234
0,0.0071512517
0,0.00017342488
1,0.84934926
0,0.016589498
0,0.0064806296
0,0.002015483
0,0.13788085
0,0.0016996873
0,0.76975834
0,0.47669646
0,0.8494603
0,0.007479172
0,0.0017774013
0,0.29490378
0,0.013336945
0,0.18145184
0,0.07257806
0,0.45112354
1,0.7385174
0,0.008165118
0,0.49225235
0,0.4573477
0,0.034165114
0,0.0020071627
0,0.04028609
0,0.025569355
0,0.10128097
0,0.022727773
0,0.031233922
1,0.84735876
1,0.92012584
0,0.00027457427
1,0.6139473
0,0.030176412
0,0.00081332715
0,0.0014646817
0,0.0039527556
0,0.036016963
0,0.4145718
0,0.0006635345
0,0.007615554
0,0.6204305
0,0.14091702
0,0.06779047
0,0.094146736
0,0.0152204
0,0.8702011
0,0.0040604193
0,0.00821365
0,0.010281438
0,0.5397602
0,0.008705555
1,0.8773028
0,0.052747857
1,0.95814455
0,0.35534894
1,0.7172083
0,0.0045324382
0,0.027281463
0,0.12940064
0,0.009927969
0,0.014791681
0,0.6454658
1,0.9628822
0,0.2733914
0,0.00240753
0,0.7231216
0,0.004142591
1,0.8121146
0,0.002525534
1,0.95609194
0,0.0013027516
0,0.042936884
0,0.44317374
0,0.3811877
0,0.0610356
0,0.08864846
0,0.01982329
0,0.06703289
0,0.0049837735
0,0.3941763
1,0.73493135
0,0.57662004
1,0.8097426
0,0.25533053
0,0.0013289244
0,0.54587376
0,0.014028199
0,0.011529471
0,0.000777642
0,0.15093356
0,0.05156656
0,0.012688834
0,0.009163863
0,0.038940374
0,0.01727584
0,0.0001962498
0,0.021843558
0,0.0070837163
0,0.0016138157
0,0.33696336
0,0.00021272582
0,0.29036102
0,0.22120386
0,0.40939367
0,0.045145694
0,0.031310152
0,0.02117336
1,0.618258
0,0.03649099
0,0.009061368
1,0.8870212
0,0.07127067
0,0.092160724
0,0.021171724
0,0.008788338
0,0.6279852
0,0.7300876
0,0.17285979
0,0.0011223283
0,0.00014633777
1,0.96743447
0,0.8869957
0,0.069812864
0,0.2791755
0,0.01664351
0,0.09264823
0,0.4414622
0,0.01438091
0,0.0060322927
0,0.0055476516
1,0.9666618
0,0.02822094
0,0.0011399584
0,0.00058995787
0,0.009110081
0,0.036149148
0,0.79415077
0,0.010117361
0,0.00087545725
0,0.880608
0,0.012324667
0,0.03675015
1,0.9662411
0,0.5491142
0,0.17632218
0,0.631739
0,0.4652121
0,0.73072875
0,0.49096394
0,0.00025699762
0,0.5154237
1,0.8091774
0,0.010902919
1,0.9230578
0,0.08078804
0,0.0082503185
0,0.14500813
0,0.013062386
0,0.004109978
1,0.97848207
0,0.19288364
0,0.015512362
1,0.7018887
0,0.00064779853
0,0.0054711658
0,0.0052442243
1,0.9429339
0,0.005974213
0,0.00034845804
0,0.0007064632
0,0.0015935003
0,0.0015596553
0,0.01180217
0,0.5496009
0,0.01734235
0,0.023716722
0,0.031562276
0,0.003523971
0,0.3316238
0,0.030533819
0,0.5733
0,0.49155465
0,0.009043599
0,0.0016341903
1,0.13934547
0,0.021825466
0,0.11020649
0,0.027646054
0,0.011933225
0,0.3466071
0,0.00062778284
0,0.144817
0,0.061157435
0,0.00028116608
0,0.01534246
0,0.85526437
0,0.02384571
0,0.087324634
0,0.023497134
0,0.042687867
1,0.763854
0,0.14717276
0,0.4592782
0,0.0035259307
0,0.0037558402
1,0.8811798
0,0.43743595
0,0.006741432
0,0.0021624411
0,0.090377495
0,0.00397844
0,0.0040526
0,0.26303673
1,0.7789228
0,0.011232501
0,0.027717436
0,0.15938413
1,0.9159693
0,0.02250138
0,0.8733611
0,0.58897555
0,0.077706076
0,0.0020665615
0,0.25523728
0,0.03273024
1,0.8407895
1,0.37721142
0,0.42185125
0,0.0024572741
0,0.04001671
0,0.017874176
0,0.7067226
0,0.8163159
0,0.0020790999
0,0.021315813
0,0.010396131
0,0.06613437
0,0.9369927
0,0.6027139
0,0.18827759
1,0.8117555
0,0.010694248
1,0.9868199
1,0.8683119
0,0.071438886
0,0.08946701
0,0.08606765
0,0.11827025
0,0.7472778
0,0.6262947
0,0.8978564
0,0.3373396
0,0.01990522
0,0.0015059162
0,0.39183342
0,0.0054388647
0,0.0006114682
0,0.040248025
0,0.35861412
0,0.030028032
0,0.045713577
0,0.16714408
0,0.035657395
0,0.002347017
0,0.0014454122
1,0.7960191
0,0.6871135
0,0.5241026
0,0.07765416
0,0.10043476
1,0.5376502
0,0.0019320329
0,0.9523841
0,0.005510771
0,0.10825106
0,0.010592279
0,0.829863
0,0.0017842589
0,0.10153881
0,0.0076744766
0,0.00808464
0,0.009769044
0,0.003969147
1,0.90383387
0,0.3344586
0,0.009464778
0,0.70309496
0,0.40450248
0,0.10082935
0,0.18042246
1,0.88151014
0,0.0061883256
0,0.5863647
0,0.92052335
0,0.014844
0,0.016587833
0,0.0048817513
0,0.0003908881
0,0.5767474
0,0.67919433
0,0.00029335858
0,0.0055560283
0,0.0009248648
0,0.024940934
0,0.8458443
1,0.9526804
0,0.00034109046
1,0.88824826
0,0.04648568
0,0.6772297
0,0.102284044
1,0.94733226
1,0.94188535
0,0.0007268244
0,0.18814512
0,0.8488743
0,0.04807428
1,0.9758696
0,0.97392005
0,0.02102639
0,0.038183782
0,0.07150773
0,0.30042118
0,0.0029813573
0,0.03273932
0,0.6945471
0,0.3891456
1,0.49305424
0,0.12786858
0,0.9336577
0,0.0010130965
1,0.83640635
1,0.8378818
0,0.22005212
0,0.11013776
0,0.01954368
0,0.0600576
0,0.07891493
0,0.005367859
0,0.64270747
0,0.028161256
0,0.013160445
0,0.032471098
0,0.02439679
0,0.86990625
0,0.0031089082
0,0.005449497
0,0.021795256
0,0.7181488
1,0.102093175
0,0.0036443071
0,0.00012678308
0,0.2523357
0,0.83555204
0,0.0014932468
0,0.03912229
0,0.0005793466
0,0.040313926
0,0.72116625
0,0.5505763
0,0.034271054
0,0.88977045
0,0.07141561
1,0.67892855
0,0.00081845286
0,0.020624643
0,0.009710948
1,0.3247169
0,0.19552279
1,0.8480778
0,0.18617046
1,0.84015065
0,0.00986713
0,0.00073488726
0,0.2884751
0,0.016184648
0,0.54235715
0,0.04347442
0,0.046506748
0,0.8284126
0,0.0042297617
0,0.23376921
0,0.002906406
0,0.45543846
0,0.071719125
0,0.031100666
0,0.09815698
1,0.86341023
1,0.9803373
0,0.056794565
0,0.0071469266
0,0.0012734163
0,0.004534319
0,0.025397824
0,0.80348194
0,0.50304115
0,0.0072953496
0,0.2014577
0,0.00044890618
0,0.00989305
0,0.0002270871
0,0.09014529
0,0.93145216
0,0.12075633
0,0.04757953
0,0.028320765
0,0.20370872
0,0.0017706545
0,0.122830935
0,0.0037180698
0,0.09814948
0,0.03022339
0,0.9160975
0,0.0052967346
0,0.43659678
1,0.5977
0,0.11959259
0,0.0015986741
0,0.0011399194
0,0.016289247
0,0.0034240722
1,0.9272276
0,0.0015191315
0,0.027549842
0,0.009112362
0,8.2307626e-05
0,0.354979
0,0.9097118
0,0.083218515
0,0.09222802
0,0.2349911
0,0.0016542547
0,0.05130858
0,0.015795032
0,0.009489625
0,0.0015842416
0,0.7849484
1,0.7695209
0,0.016868021
0,0.00057032355
0,0.030434849
0,0.073517375
1,0.83181167
0,0.07969737
0,0.01575055
0,0.39087933
0,0.008450723
0,0.10150252
0,0.23642957
0,0.15977521
0,0.75049835
0,0.0015642071
0,0.022073476
0,0.011363745
0,0.034507897
0,0.0058585275
0,0.03063951
0,0.017978547
0,0.0052309874
0,0.5605327
0,0.2843915
0,0.056970134
0,0.06160665
0,0.098348215
0,0.022932827
1,0.61576074
0,0.0040885727
0,0.007455451
1,0.7996049
0,0.22102077
0,0.19165522
0,0.31584013
0,0.016792951
0,0.0011712768
0,0.9387917
0,0.23304638
0,0.0032885626
1,0.8756055
0,0.24952784
1,0.70987916
0,0.67261964
0,0.20329563
0,0.0023054278
1,0.977002
0,0.006198783
0,0.1288909
0,0.0066797584
0,0.0031591076
0,0.02172853
0,0.003815661
0,0.00019536634
0,0.039609943
0,0.051133357
1,0.7532911
0,0.97284704
0,0.0091841
0,0.63884425
0,0.020726204
0,0.77235246
1,0.9769505
0,0.002475576
0,0.27308878
0,0.05233362
0,0.0023816854
0,0.009305141
0,0.00041360894
0,0.0068734745
0,0.23375915
0,0.0069738072
0,0.00031318172
0,0.009534438
0,0.7340919
0,0.11620147
1,0.97075874
0,0.0077682287
0,0.00035048588
0,0.009944044
0,0.022718592
0,0.08543814
0,0.0014388991
0,0.023139378
0,0.7836713
0,0.0639297
0,0.68082166
0,0.014800077
0,0.027115328
1,0.99176204
0,0.026602989
0,0.011965833
0,0.84729856
0,0.80877936
0,0.0008856074
0,0.011164225
1,0.8804744
0,0.013194835
0,0.0008659018
0,0.23365802
0,0.0022017006
0,0.20187806
0,0.007264411
0,0.70413655
0,0.8439673
1,0.97588944
1,0.84168637
0,0.07647919
0,0.016141048
0,0.062523566
0,0.31587547
0,0.08126968
0,0.13858005
0,0.53778994
0,0.8726357
1,0.9443452
0,0.45198497
0,0.3607729
0,0.00461519
0,0.04755543
0,0.76470196
0,0.8797755
0,0.0002197448
0,0.5797077
0,0.01998716
0,0.06883795
0,0.16032429
0,0.00037053387
0,0.2647627
0,0.0012037703
0,0.21554571
0,0.8387785
0,0.43898535
0,0.026555812
0,0.29992035
0,0.003123297
0,0.7096129
0,0.027877577
0,0.28326797
0,0.7464342
0,0.34999615
0,0.659191
0,0.0007689496
0,0.0005255741
0,0.002843134
0,0.5253112
0,0.012818849
0,0.10749454
0,0.0020851158
0,0.1939766
0,0.8783694
0,0.07458213
0,0.011317056
0,0.75842977
0,0.04557947
0,0.39825222
0,0.28599662
0,0.004070619
0,0.9444575
0,0.00018599418
0,0.15941183
0,0.0063550225
0,0.5246275
0,0.0055442434
0,0.8108746
0,0.019934317
1,0.94084597
0,0.5251573
0,0.09701167
0,0.15927738
0,0.02346399
0,0.00067948276
0,0.8683387
0,0.0002502717
0,0.23855986
1,0.93773985
0,0.75344586
0,0.066513434
1,0.97174305
0,0.060858563
0,0.14197394
0,0.04951662
0,0.47827184
0,0.0070505766
1,0.6536007
0,0.40173092
0,0.012150535
0,0.015505794
0,0.024802197
0,0.010447497
0,0.016843004
0,0.0010606843
0,0.021642936
0,0.30156317
0,0.09755494
0,0.015247747
1,0.93654066
0,0.019480906
0,0.0023588615
0,0.0025224774
0,0.1029659
0,0.082863174
0,0.53498024
0,0.0018266096
0,0.39036515
0,0.031610336
0,0.011202158
0,0.0005683857
0,0.018471928
0,0.33247116
0,0.71891195
1,0.6541901
0,0.26430532
0,0.66921914
0,0.005617791
0,0.065605186
0,0.13189903
0,0.025522336
1,0.5837046
0,0.0019479555
0,0.117760025
0,0.39032388
0,0.005890005
0,0.017422743
0,0.017678043
0,0.84122956
0,0.0009999413
1,0.8291233
0,0.83972776
0,0.004233036
0,0.0072654667
0,0.021941433
0,0.026128747
0,0.052087042
0,0.26068276
0,0.09670448
1,0.62465125
0,0.017646562
0,0.2566832
0,0.17325728
0,0.022309206
0,0.75821006
1,0.89931613
1,0.96120876
0,0.0139050735
0,0.36179382
0,0.12508543
0,0.023422236
0,0.328854
0,0.0029300288
0,0.000994975
0,0.38946685
0,0.0019330087
1,0.79343146
0,0.025616478
0,0.0010740111
0,0.0011443906
1,0.93439597
0,0.007225704
0,0.005016759
1,0.9881456
0,0.005182497
0,0.059704836
0,0.93775475
0,0.008633654
0,0.0092954
0,0.08663673
1,0.82488054
0,0.04426281
0,0.010490442
0,0.25541252
0,0.00037253823
0,0.011025336
0,0.098840415
0,0.035343785
0,0.002388878
0,0.21070099
0,0.21502754
0,0.036582522
0,0.003177266
1,0.96797
0,0.2182385
0,0.018643023
0,0.035264567
0,0.020406628
0,0.16176844
0,0.62996286
0,0.04080391
0,0.20323618
0,0.011915308
0,0.23194915
0,0.010957375
0,0.0009883996
0,0.7854887
0,0.05641852
0,0.29177845
0,0.005449063
0,0.0151959555
0,0.011015555
0,0.0041024513
0,0.18413308
0,0.01725677
0,0.87090534
0,0.00796441
0,0.027179291
0,0.0031584157
0,0.6689158
0,0.68714905
0,0.11680858
0,0.65772986
0,0.08025818
0,0.009181679
0,0.57313275
0,0.0056928503
0,0.14255819
0,0.29596522
0,0.90674263
0,0.8485388
0,0.044809
0,0.0037705956
0,0.0007796476
1,0.36962986
0,0.010173666
1,0.5089094
0,0.93505955
0,0.255324
0,0.70445997
0,0.031536803
0,0.03562232
0,0.012451682
0,0.055006146
0,0.0030323698
0,0.0027774745
0,0.5910808
0,0.047678083
0,0.0028514536
1,0.9142889
0,0.007377424
0,0.38195434
0,0.08938499
1,0.94797117
0,0.008154375
0,0.021863552
0,0.013522096
0,0.011357693
0,0.027995845
1,0.82549036
0,0.0142830815
0,0.016781226
0,0.0816067
0,0.010749291
1,0.19006447
0,0.31752115
0,0.03458304
1,0.6875712
0,0.15307532
0,0.0025427686
1,0.65091276
0,0.019308023
1,0.8987991
0,0.40642914
0,0.002978415
1,0.92742735
0,0.0028771632
0,0.0011156232
0,0.038494162
0,0.011795549
0,0.0015092647
0,0.042885877
1,0.62615347
0,0.09783979
0,0.0010781582
1,0.7106129
0,0.6898516
1,0.96162313
0,0.22429265
0,0.08772796
0,0.0031172272
0,0.042276904
0,0.17224845
0,0.010237251
1,0.2825115
0,0.0021064228
1,0.12141515
1,0.38155976
0,0.00010981298
1,0.3754782
0,0.8381011
0,0.002856924
0,0.0023196682
0,0.0026644038
0,0.0022032096
0,0.9075544
0,0.26377273
0,0.7902284
0,0.63002366
1,0.91140085
0,0.42654344
0,0.0023451229
0,0.0030876733
0,0.72065115
0,0.0049517085
0,0.011398682
0,0.0012179625
0,0.017994735
1,0.37449312
0,0.1503452
1,0.62532234
0,0.030469779
0,0.044358313
0,0.013894982
0,0.005767425
0,0.013775586
0,0.01677284
0,0.0014977532
0,0.03336561
0,0.1533981
0,0.096137635
0,0.013966955
0,0.30658847
0,0.52184206
0,0.003951284
0,0.0004830882
0,0.0029690021
0,0.23100184
1,0.95660263
0,0.005947014
0,0.03258586
1,0.9303489
0,0.12486676
1,0.9064772
0,0.035221707
0,0.003152022
0,0.43914366
0,0.16327855
1,0.1826617
0,0.38044554
0,0.78559446
0,0.15225258
0,0.049013115
0,0.0022705519
0,0.88235545
1,0.81815
0,0.025730634
0,0.050245017
1,0.93927985
0,0.25574523
0,0.009745957
0,0.00892944
0,0.19071163
0,0.2357302
0,0.0067459224
0,0.013116808
0,0.0046985014
0,0.0064356723
1,0.9417906
0,0.001945904
0,0.050387256
0,0.028430322
0,0.02076136
0,0.01853633
0,0.01571167
0,0.020440595
0,0.21270917
0,0.0011458495
0,0.005529975
1,0.79428434
0,0.87207764
0,0.0025204842
0,0.028318426
1,0.77332044
0,0.049553707
0,0.043025035
0,0.00018146256
0,0.00013491813
0,0.0023218489
1,0.99114895
0,0.04249709
0,0.013839263
0,0.85746616
0,0.094205625
1,0.98379636
0,0.07445305
0,0.87161976
0,0.09222993
0,0.16004026
0,0.6814829
0,0.00945451
0,0.078511514
0,0.003765852
0,0.0026937067
0,0.024964552
0,0.17680484
0,0.0024250483
1,0.6677859
0,0.008612005
0,0.0015527501
0,0.5269988
0,0.9754125
0,0.379675
0,0.00096563395
0,0.03973187
0,0.3020102
0,0.03539426
0,0.019834412
0,0.43053368
0,0.0020410856
0,0.13506229
0,0.24794203
0,0.8219822
0,0.002504759
0,0.011550634
0,0.0018618061
0,0.002429765
0,0.50506556
0,0.20386139
0,0.040599268
0,0.0052143196
0,0.0007290242
1,0.9251944
0,0.0017827972
0,0.17705968
0,0.0019741452
0,0.0019716872
0,0.032058977
0,0.029407637
0,0.47533098
0,0.27187926
0,0.003788903
1,0.7334643
0,0.019926373
0,0.09506336
0,0.1091712
0,0.13464418
0,0.009735466
1,0.76238215
0,0.012783248
0,0.1763324
0,0.0011525978
0,0.008214792
0,0.0043791938
0,0.332073
1,0.7121277
0,0.7931059
0,0.16832021
0,0.85329777
0,0.008192291
0,0.02155546
0,0.0077420375
0,0.0801932
0,0.00314749
0,0.0035523504
1,0.97342604
0,0.028452273
0,0.002409353
0,0.1788793
0,0.029158713
0,0.4453892
0,0.001639041
0,0.67829716
0,0.0021592714
0,0.0036641108
0,0.017260117
0,0.0021864593
1,0.6312714
0,0.0022567871
0,0.0020443986
0,0.06727799
0,0.0023957973
0,0.07335918
0,0.6726875
0,0.53121865
0,0.048728168
0,0.002539683
0,0.0033050256
0,0.03879213
0,0.00016851627
0,0.02907026
1,0.242625
1,0.1181153
1,0.9658551
0,0.0060868217
0,0.04479909
1,0.8234698
0,0.016168399
1,0.9571904
1,0.86991006
0,0.015182588
0,0.6404896
0,0.028400263
0,0.049664024
0,0.054757856
0,0.013500435
0,0.20210199
0,0.008059235
1,0.7594946
0,0.013691287
0,0.45997843
0,0.0028015622
0,0.02729805
0,8.3095314e-05
0,0.46647865
0,0.040983085
0,0.021282619
0,0.08311526
0,0.009466249
0,0.01674976
1,0.96972567
1,0.88338965
1,0.73310256
0,0.43543273
0,0.15426302
0,0.017657874
0,0.035673983
0,0.091638155
0,0.016113522
0,0.21350826
0,0.08348263
0,0.12752782
0,0.19988447
0,3.524331e-05
0,0.5021124
0,0.02087976
0,0.005528402
0,0.06509968
0,0.22704244
0,0.1668342
0,0.18153313
0,0.04419333
0,0.051469427
0,0.08443838
0,0.36542356
0,0.00010168625
0,0.16635805
0,0.052232094
0,0.006285079
0,0.0009966447
1,0.94373167
0,0.027826816
1,0.9932088
0,0.5641916
0,0.002138309
0,0.012102056
0,0.085889764
1,0.97163886
1,0.9386841
0,0.00020539215
0,0.10726703
0,0.60582393
0,0.0023828368
0,0.00796441
0,0.0039168545
0,0.07377735
0,0.9606732
0,0.7697038
0,0.0019863057
0,0.039082494
0,0.029932447
0,0.0032080272
0,0.011291336
0,0.00095485133
0,0.23661192
0,0.38208225
1,0.80190825
0,0.053563118
0,0.7408437
0,0.29539648
0,0.000888606
0,0.04969732
0,0.0039480403
0,0.9219145
0,0.0014026266
0,0.0015904655
0,0.0045776023
0,0.08333247
0,0.00011155464
0,0.87582946
0,0.7632059
0,0.17078677
1,0.85613084
0,0.005822071
0,0.00077888166
0,0.0063750776
0,0.00072629337
0,0.00020012163
0,0.011460139
1,0.9632666
0,0.6902034
0,0.30644438
0,0.08771483
0,0.04889943
0,0.92924285
0,0.02861393
0,0.0006650631
0,0.0958466
0,0.0016370277
0,0.01732578
0,0.21172957
0,0.17413166
0,0.0019556251
0,7.012482e-05
0,0.01984177
0,0.2044185
0,0.017992005
0,0.05062836
0,0.019464923
0,0.033339642
0,0.043694377
0,0.0018983299
0,0.0012236609
0,0.31648088
0,0.17868415
0,0.59277517
0,0.52849686
0,0.10636196
0,0.8335913
0,0.02353878
0,0.003274162
0,0.060687777
0,0.0009003485
0,0.0072238464
1,0.9190023
0,0.011139989
0,0.0235034
0,0.02132718
0,0.0026692916
0,0.75982744
1,0.92784065
0,0.0014853857
0,0.020663269
0,0.0038435003
0,0.5891301
0,0.00070504734
0,0.022154814
0,0.03639596
0,0.71562964
0,0.030561278
1,0.49836215
1,0.8274045
0,0.1168467
0,0.006444468
0,0.1593693
1,0.96262556
0,0.2813567
0,0.0032795223
0,0.0144422455
0,0.031321652
0,0.53952616
0,0.022361424
0,0.0068912334
0,0.0005379261
0,0.058519963
0,0.8434185
0,0.023600843
0,0.73347783
0,0.08631341
0,0.041734226
0,0.070528895
1,0.060638614
1,0.8382055
0,0.025330158
0,0.00041942092
0,0.5264783
0,0.032107938
1,0.8935595
0,0.0030784765
0,0.002396226
0,0.0028159677
1,0.8646934
0,0.0057947333
0,0.023218159
0,0.000947936
0,0.424067
0,0.021371545
0,0.2650115
0,0.014175331
0,0.0534775
1,0.702748
0,0.060575027
0,0.03442149
0,0.7326287
0,0.00044013423
0,0.06641133
0,0.42424208
0,0.0005109948
0,0.14660484
0,0.02570222
0,0.3932467
0,0.08969244
1,0.89289707
0,0.03969233
0,0.039895557
0,0.002224934
1,0.95326453
0,0.008563961
0,0.014431647
0,0.024828715
0,0.5677922
1,0.8227575
0,0.0018145044
0,0.0013599511
1,0.8257784
0,0.7569615
0,0.31361267
0,0.025741706
0,0.0118249655
0,0.0028070894
0,0.7819253
0,0.026299985
0,0.047091834
0,0.0021007315
0,0.01894465
0,0.46381232
0,0.19998209
0,0.25168532
0,0.03216279
0,0.02309844
0,0.01351388
0,0.034829974
0,0.0015430865
0,0.64791745
0,0.0037351258
0,0.07342978
0,0.07120038
0,0.48852247
0,0.28727135
0,0.04073536
0,0.25005412
0,0.00013224964
0,0.019693729
0,0.004027597
0,0.5785134
0,0.007503913
0,0.0013349748
0,0.055892237
0,0.2788848
0,0.2197839
0,0.013787996
0,0.2333457
0,0.2234087
0,0.0024525286
0,0.065062426
0,0.011418479
0,0.02274746
0,0.015846292
0,0.11601756
0,0.6876173
0,0.22287337
0,0.9213194
0,0.0075366334
0,0.051016476
1,0.9480752
0,0.63366765
0,0.6574221
0,0.0030512838
0,0.0050511644
0,0.7034106
0,0.5083132
1,0.7744511
0,0.007809775
0,0.15392064
1,0.5021506
1,0.82401043
0,0.15700758
0,0.21540305
1,0.2541835
0,0.077875815
0,0.024808269
0,0.047336917
0,0.010296845
0,0.19393739
1,0.04977839
0,0.28251374
1,0.8432499
0,0.052976314
0,0.015558014
0,0.0033920521
0,0.0052888165
0,0.8692647
0,0.019290194
0,0.01874349
0,0.110082954
0,0.030404838
0,0.056003097
0,0.97181094
1,0.90704924
0,0.27219078
0,0.058143098
0,0.0040942538
0,0.091726884
0,0.31166628
0,0.30111608
0,0.38460097
0,0.019869419
0,0.025169533
0,0.0018381472
0,0.023771817
1,0.90204954
1,0.9543592
0,0.012223074
1,0.93340015
0,0.011522983
0,0.0029856693
0,0.7284039
0,0.034355722
0,0.025466442
0,0.00013461037
0,0.011897497
0,0.6113762
0,0.3221913
0,0.0130765
1,0.95472914
1,0.9452781
1,0.96203625
0,0.0035586094
0,0.06483911
0,0.98169476
0,0.06793498
0,0.70426005
0,0.021406833
1,0.4146191
1,0.7909712
0,0.0005192172
0,0.02925264
0,0.0016269517
0,0.014589994
0,0.00031525953
0,0.16079268
0,0.26284382
0,0.2485216
0,0.05668258
0,0.01725686
0,0.57849973
0,0.15929402
0,0.005726814
0,0.076874875
0,0.044034354
0,0.37391427
0,0.62521946
0,0.085339434
0,0.055715643
0,0.0025260455
0,0.052297477
0,0.0018788466
1,0.5178919
0,0.00042842483
0,0.13959447
0,0.004981459
0,0.11188097
0,0.46579266
0,0.12134744
0,0.032896142
0,0.16430901
0,0.28449762
0,0.0047469726
0,0.06260737
0,0.071806304
0,0.17300677
0,0.0034168065
0,0.0009570769
1,0.9856523
0,0.25710893
0,0.008892583
0,0.0008139636
0,0.0061957585
0,0.012742381
0,0.51854944
1,0.9727845
0,0.5741763
1,0.8283915
0,0.15749723
0,0.9354149
0,0.13160875
1,0.75453043
0,0.89340305
0,0.23360464
0,0.0055607567
0,0.07118819
0,0.010289059
0,0.01610308
0,0.009279518
0,0.14601682
0,0.027763389
0,0.020363998
1,0.6024542
0,0.19884577
0,0.4108139
0,0.1208023
0,0.0041505555
0,0.8091617
0,0.14177965
0,0.1016667
0,0.028217869
0,0.0027130174
0,0.1139569
0,0.020261226
0,0.0023435962
0,0.057368748
0,0.0013721609
0,0.016451456
0,0.3011917
0,0.0033479566
0,0.08640851
0,0.014315531
1,0.7773592
0,0.08798905
0,0.02613109
0,0.009270951
0,0.83944607
0,0.0018707205
1,0.87388414
0,0.020681892
1,0.9424598
0,0.054072656
0,0.0006069544
0,0.72481227
0,0.06006739
0,0.001554714
0,0.043187916
0,0.0011334103
0,0.20276512
0,0.00034114704
0,0.028860368
0,0.019579332
0,0.10166598
0,0.00749194
1,0.9115666
0,0.03758825
0,0.0007664396
0,0.00052134576
0,0.19419178
0,0.025935816
0,0.5950463
0,0.0019465812
0,0.009372983
0,0.0148446
0,0.019999038
0,0.6457136
0,0.023844361
0,0.039354406
0,0.9429933
0,0.0196941
0,0.064039536
0,0.6976534
0,0.0057560317
1,0.94417256
0,0.004772397
0,0.9633045
0,0.52643675
1,0.4328572
0,0.007494876
1,0.9304259
0,0.004250119
0,0.29091802
0,0.012225124
0,0.5541022
0,0.00025491018
0,0.00089836
0,0.017551828
0,0.0007262196
0,0.1271913
0,0.39670637
0,0.032907166
0,0.13933574
0,0.046128005
0,0.012259491
0,0.0017519863
0,0.017492397
0,0.010480849
1,0.92278737
0,0.012489877
0,0.025882378
0,0.038508188
0,0.06908503
0,0.017901191
0,0.0024799823
1,0.9570718
0,0.6652777
0,0.016321843
0,0.4066643
0,0.06064081
0,0.0124290055
0,0.013642667
0,0.00085530384
1,0.8627952
0,0.021767054
0,0.4442952
0,0.61926854
0,0.017390553
0,0.27870327
1,0.55137694
0,0.044826724
0,0.16186483
0,0.016044052
0,0.3170112
0,0.081008196
0,0.2886568
0,7.13994e-05
0,0.013242453
0,0.09915544
0,0.06282547
0,0.027208967
0,0.12666383
0,0.00083868037
1,0.88482034
0,0.0020468594
0,0.11718207
0,0.02481112
1,0.97597337
0,0.59820807
0,0.1992868
0,0.03206622
0,0.37006903
0,0.0077654324
0,0.07327751
0,0.3901919
0,0.90635407
1,0.9126495
0,0.0005787009
0,0.11096202
1,0.9713435
0,0.013156012
0,0.18365695
0,0.69423836
0,0.20517878
0,0.013080291
1,0.9279961
0,0.0019139469
0,0.0056326524
0,0.007096569
0,0.021024186
0,0.030928716
0,0.008701035
0,0.0109296385
0,0.0042481134
1,0.97646517
0,0.01501154
0,0.019185372
0,0.0019843273
0,0.024429277
0,0.00096671283
1,0.89663476
0,0.00055612443
0,0.0024549342
0,0.7223988
0,0.0042042914
0,0.67883974
0,0.38699827
0,0.094072334
1,0.36096194
0,0.88797975
0,0.02472015
0,0.3423773
0,0.018974924
0,0.0054146266
0,0.05325638
0,0.7363278
0,0.08141742
0,0.0045165024
0,0.03759819
0,0.011075168
0,0.08085669
1,0.2683748
0,0.0057196203
0,0.45544928
0,0.009038187
0,0.18930997
0,0.47986147
0,0.5786834
0,0.05267111
1,0.97073203
0,0.13631059
0,0.019175801
0,0.05875037
0,0.57088804
0,0.9607856
0,0.14585568
0,0.00025796215
0,0.38211036
0,0.067534246
0,6.158978e-05
0,0.56570226
0,0.1144908
0,0.079680376
0,0.010512834
0,0.5077173
0,0.02912971
0,0.009261312
0,0.4345685
0,0.013357686
0,0.086681865
1,0.14302735
1,0.021927383
0,0.2792964
0,0.0006152792
0,0.035745062
0,0.20823936
0,0.012296188
0,0.23152722
0,0.0016516037
0,0.013317345
0,0.042542804
0,0.037867542
0,0.1327959
0,0.00043887732
0,0.53999203
0,0.05045971
0,0.015061921
0,0.059835777
0,0.104867175
0,0.015820833
0,0.0010258455
0,0.006285552
0,0.0034688981
0,0.020288818
0,0.552313
0,0.27124062
0,0.2649304
0,0.6545942
0,0.8958558
0,0.70770854
0,0.22185741
0,0.0911296
0,0.011823762
0,0.0022156916
0,0.022241516
0,0.0025335492
0,0.011362866
0,0.77554405
0,0.044650298
0,0.119732276
0,0.5927259
1,0.93881166
0,0.72280985
0,0.117215425
0,0.033837665
0,0.23249383
0,0.024265036
0,0.15128644
0,0.03070718
0,0.32598278
0,0.6533994
1,0.9308833
0,0.0056890026
0,0.3766641
0,0.020808503
0,0.8330123
0,0.0838556
0,0.34010175
0,0.007584337
0,0.78023785
0,0.0006477207
0,0.7446603
0,0.00058506103
0,0.055039562
0,0.028817084
0,0.00971464
0,0.7788776
0,0.020596057
0,0.13067172
0,0.856453
0,0.11401009
0,0.04187432
0,0.12750024
0,0.073252104
0,0.002207476
0,0.004648202
0,0.16471818
0,0.0048904247
0,0.060924727
0,0.3908153
0,0.28655314
0,0.025852019
0,0.050520528
0,0.001313697
0,0.010299863
0,0.00089750823
0,0.0007067709
0,0.0048315716
0,0.0035625547
0,0.0040794434
0,0.9082374
0,0.004271109
0,0.034993485
0,0.93995893
0,0.5488804
1,0.8331352
0,0.0058046808
0,0.038314927
0,0.079784915
0,0.8069172
0,0.0086866515
0,0.2072763
0,0.87295765
0,0.0014779205
0,0.16786917
0,0.12474443
0,0.66365445
0,0.015926797
0,0.04628511
0,0.19952352
0,0.03453595
0,0.05733719
0,0.25324222
0,0.0074078897
0,0.02681999
0,0.027982535
0,0.060296215
0,0.002160256
0,0.05705008
1,0.9826262
0,0.4711852
0,0.5731473
0,0.9038372
0,0.00065573945
0,0.43215302
0,0.19606753
0,0.011179174
0,0.03405741
0,0.009584656
0,0.0032958463
0,0.49827895
0,0.0041049398
0,0.021870635
1,0.875082
0,0.06213763
0,0.025414987
0,0.037150096
0,0.0018080892
0,0.86593837
0,0.06586358
1,0.9728684
0,0.01854752
1,0.9516082
0,0.07820005
0,0.1437564
0,0.0027193956
0,0.8920068
0,0.00023457334
0,0.82042134
0,0.9868001
0,0.78793997
0,0.0017015549
0,0.003449061
0,0.06349872
1,0.89435077
0,0.0925633
0,0.002018015
0,0.5426905
0,0.0052417945
0,0.008478474
0,0.003338447
0,0.022688711
0,0.0088586565
0,0.009172235
0,0.22931753
0,0.023556245
1,0.9092191
0,0.15838923
0,0.026917329
0,0.012920844
0,0.2673146
0,0.14025235
0,0.016344061
0,0.0021323997
0,0.009700301
1,0.8779715
0,0.011077477
0,0.16695867
0,0.05679383
0,0.21848401
0,0.025622956
0,0.029581893
0,0.021913493
0,0.93403983
1,0.73503935
0,0.010138515
0,0.0014826137
0,0.8940129
0,0.468601
0,0.468049
0,0.28442785
0,0.027140927
0,0.36137393
0,0.23289022
0,0.014176978
0,0.017158382
1,0.83832693
1,0.111123145
0,0.0023693645
0,0.56627715
0,0.055452015
0,0.010728728
0,0.06591413
0,0.15043038
0,0.019718312
1,0.93883973
0,0.117061675
0,0.00616424
0,0.11325204
0,0.0072728717
0,0.5966502
0,0.5115108
0,0.27413356
0,0.057143852
0,0.059551027
1,0.036390893
1,0.9651778
0,0.12658097
0,0.009947468
0,0.03838233
0,0.14500433
0,0.014552932
0,0.03120999
0,0.0015042109
1,0.87625855
0,0.0018086616
0,0.00236004
0,0.009438528
0,0.002029108
0,0.18380563
0,0.20815304
0,0.9727429
0,0.2949491
0,0.057118237
0,0.63196766
0,0.011323924
0,0.01938647
0,0.022209823
0,0.005571507
0,0.009284025
0,0.0027414632
0,0.014401565
0,0.20864539
0,0.028859647
1,0.05582065
0,0.05676247
0,0.037798677
1,0.7638291
0,0.00048009286
0,0.21132256
0,0.10743
1,0.2456279
1,0.5156824
0,0.0026208002
0,0.5276989
0,0.20609032
0,0.010186846
0,0.00016430087
0,0.67091066
0,0.062170405
1,0.70727736
0,0.015538555
0,0.011590531
0,0.0003337484
0,0.37171474
0,0.1331876
0,0.0031522978
0,0.07943122
0,0.06986905
0,0.03427786
1,0.8933976
0,0.52365667
1,0.9596675
0,0.10698792
0,0.033628218
0,0.7726036
1,0.41071728
0,0.001578044
0,0.010130478
0,0.169943
0,0.0030649055
0,0.00964164
0,0.4529061
0,0.40208086
0,0.0024882322
0,0.8529953
1,0.9707197
0,0.0060719256
0,0.2210176
0,0.001228964
0,0.8576471
0,0.85191786
0,0.17198808
1,0.9129031
0,0.005837204
1,0.98143286
0,0.010398962
0,0.0053445282
0,0.018835945
0,0.3616176
0,0.83442676
0,0.026129985
0,0.038965534
0,0.00047385908
0,0.056184273
0,0.15186007
0,0.03025616
0,0.522635
0,0.15566939
1,0.829036
0,0.09399906
0,0.015686942
0,0.025384355
0,0.030529223
0,0.0105306115
0,0.00090517005
0,0.2742096
0,0.060404293
0,0.022375934
0,0.03194054
0,0.6807531
0,0.36722985
0,0.034432806
0,0.013235016
0,0.0053931857
0,0.7990684
0,0.00317689
0,0.5486432
0,0.6258332
0,0.010263689
0,0.024131903
0,0.00770426
0,0.0038674488
0,0.03806243
0,0.0057970798
1,0.98725545
0,0.0026153827
0,0.09478318
0,0.18039978
0,0.1428759
1,0.9068825
0,0.00581222
0,0.7877625
0,0.01296141
0,0.0056540584
1,0.2202615
0,0.92456275
0,0.016300628
0,0.37980545
1,0.9741397
0,0.06563674
0,0.004601388
0,0.91845894
1,0.7933748
0,0.003039466
0,0.5251984
0,0.11596354
0,0.05755139
0,0.018439852
0,0.0017484023
1,0.92075545
0,0.02307656
0,0.00040853198
0,0.011386883
0,0.0044969283
0,0.13933061
0,0.011515431
0,0.011840606
0,0.003882324
0,0.019765154
1,0.8981831
0,0.08008594
0,0.0029264048
0,0.0027847637
0,0.36331457
0,0.52704465
1,0.95463836
0,0.077015914
0,0.0067970613
0,0.05298737
1,0.51324135
1,0.7828208
0,0.017717708
0,0.0023496053
0,0.043423507
0,0.12999758
0,0.25780317
0,0.3460377
1,0.8506878
0,0.0010353072
0,0.07043674
0,0.010646562
0,0.049619284
0,0.92672735
1,0.9632359
1,0.8050465
0,0.10816623
0,0.47181478
0,0.51245314
0,0.027958961
0,0.04464682
0,0.002362508
0,0.010866065
0,0.30649555
0,0.24753411
0,0.00051010353
0,0.93395424
0,0.35422716
0,0.002937519
0,0.18801725
0,0.0482752
0,0.0033536046
1,0.8002702
1,0.76886547
0,0.004190426
0,0.5176079
0,0.2769215
0,0.040230926
0,0.035364054
0,0.010334744
1,0.97691715
0,0.04970394
0,0.042127725
1,0.9586256
0,0.00021116473
0,0.015570544
0,0.29251954
0,0.91845965
1,0.88544077
0,0.043393817
0,0.008360945
0,0.070781395
0,0.044212207
0,0.005540884
0,0.0027616958
0,0.035569318
0,0.025228666
0,0.07592503
0,0.017337864
0,0.0012271123
0,0.031896226
0,0.59783506
0,0.38554913
0,0.0010894455
0,0.023629
1,0.85436654
0,0.8781854
0,0.20439711
0,0.898298
0,0.2647618
0,0.532532
1,0.6532005
0,0.0010439727
0,0.32745433
0,0.00096453837
1,0.8671094
0,0.024236845
0,0.0012549297
0,0.024290038
0,0.8441509
0,0.061075162
0,0.29219258
0,0.16530484
0,0.6674939
0,0.0057140314
0,0.014435039
0,0.003412936
0,0.0031328353
0,0.60505706
0,0.038250163
0,0.13141412
0,0.5775488
0,0.032905437
0,0.78861845
0,0.03469817
0,0.14150204
0,0.004598473
1,0.727388
0,0.5106163
0,0.31001756
0,0.038340412
0,0.46472263
0,0.012559069
0,0.021682894
0,0.08898479
0,0.05786255
0,0.06649404
0,0.8534555
0,0.0032248488
0,0.032212052
1,0.660077
0,0.55516136
0,0.09142466
0,0.0050815362
0,0.008852889
0,0.01590548
0,0.65921
0,0.1662391
1,0.18068686
0,0.22097883
0,0.0022627132
0,0.027751703
0,0.0025591492
0,0.01825503
0,0.3610884
1,0.77331173
0,0.5498634
0,0.013152508
0,0.02633318
0,0.00035366847
0,0.02244778
0,0.50517356
1,0.9544861
0,0.49643192
1,0.09606445
0,0.014245757
0,0.118764654
0,0.146695
0,0.0050655296
0,0.03568706
0,0.9031
0,0.0014712063
0,0.9707451
1,0.6536872
0,0.015658583
0,0.02553935
0,0.25788102
0,0.00019724219
1,0.7254251
0,0.026739104
0,0.6468343
0,0.2933905
1,0.78777313
0,0.032639105
0,0.21232422
0,0.6132626
0,0.0924456
0,0.7425949
0,0.8883821
0,0.009842558
1,0.9069379
0,0.16338052
0,0.00046006835
0,0.07703948
0,0.6444702
0,0.20041363
0,0.0031655924
0,0.014705203
0,0.6613111
0,0.8988487
0,0.007805815
0,0.0013591652
0,0.012580044
0,0.009979947
0,0.06396312
0,0.6610575
0,0.020819236
0,0.0023763007
0,0.6551582
0,0.06407214
0,0.08365498
0,0.002449114
0,0.05761602
0,0.0061408444
0,0.3897066
0,0.5201944
0,0.011481638
0,0.9722385
0,0.08373093
0,0.0131788
0,0.1195568
0,0.25630605
1,0.8865839
1,0.95090586
0,0.015592298
0,0.07324502
0,0.34325978
0,0.11461485
0,0.086320445
0,0.04907839
0,0.00043140093
1,0.3055886
0,0.0029599806
0,0.050728645
0,0.8632895
0,0.012292048
0,0.0012481522
1,0.8203581
0,0.062576175
0,0.2725606
0,0.0037578123
0,0.5301112
0,0.004979214
0,0.051348284
1,0.82668394
0,0.0013928547
0,0.8375819
0,0.017798295
0,0.45918077
0,0.009020889
0,0.016944261
0,0.010261417
0,0.010497686
1,0.96322644
0,0.0060877274
0,0.04007387
0,0.12805162
0,0.003126058
0,0.007435517
0,0.005705177
0,0.042831108
1,0.9256311
0,0.032716263
0,0.0051560486
1,0.49058637
0,0.43421796
0,0.36447182
0,0.024191132
0,0.03275098
0,0.18068954
0,0.0018901664
0,0.055358585
0,0.050279368
0,0.019972542
0,0.001050675
0,0.0071959337
0,0.09225361
0,0.047962643
0,0.25135568
0,0.1771911
0,0.09457898
1,0.65682083
0,0.09949113
0,0.021238158
0,0.0031775034
0,0.253488
0,0.16586013
0,0.0007349376
0,0.0071590766
0,0.0038058045
1,0.9532686
0,0.0008329489
1,0.59375787
0,0.019059675
0,0.010480355
1,0.95363605
0,0.1368661
0,0.75550056
0,0.010528967
0,0.07908926
1,0.86008805
0,0.9660895
0,0.34567076
0,0.81874824
0,0.30980015
1,0.73083186
0,0.052252308
0,0.0014869189
0,0.039222743
0,0.02513975
1,0.542899
0,0.020230008
0,0.00094780733
0,0.013313341
0,0.18060718
0,0.0015815881
0,0.0027076325
0,0.87738454
0,0.0861399
0,0.019407934
1,0.7976402
0,0.040343937
0,0.9019257
0,0.40217993
1,0.971649
1,0.5463571
0,0.02807587
0,0.034472067
0,0.037294637
0,0.021988738
0,0.37463534
1,0.7467331
1,0.76801664
0,0.08641476
0,0.01709449
0,0.09300846
0,0.011366199
0,0.37302637
0,0.049477965
1,0.9013759
0,0.105503716
0,0.42618543
0,0.89842963
0,0.057795428
0,0.0072424705
0,0.008952962
0,0.786693
0,0.06856344
0,0.19986412
0,0.0010524588
0,0.060849916
1,0.8993654
1,0.9452741
1,0.7985126
0,0.8906959
0,0.04176433
0,0.91062766
0,0.04321953
0,0.17873019
1,0.8374444
0,0.826061
1,0.61484545
1,0.6590078
0,0.83367515
0,0.0024060842
0,0.14667143
0,0.38236997
0,0.11559882
0,0.19026552
0,0.027287826
0,0.09435918
0,0.58875364
0,0.009581049
0,0.049429372
1,0.71785986
0,0.9370218
0,0.019997507
0,0.5873522
0,0.0008280831
0,0.04875878
0,0.50144243
0,0.051145896
1,0.6052235
0,0.014960557
0,0.0018567444
0,0.12065312
0,0.0023453115
0,0.10206513
0,0.764391
0,0.003299327
0,0.3766195
0,0.056300104
0,0.08086918
0,0.029605132
1,0.6187783
0,0.005816286
0,0.0022655278
0,0.021667799
0,0.12932922
1,0.9277804
1,0.8335593
0,0.009677868
0,0.08183747
0,0.15799749
0,0.0013938427
0,0.17690587
0,0.0020194165
0,0.020446487
0,0.22440301
0,0.004884488
0,0.035617072
0,0.1493599
0,0.013642449
0,0.013810638
0,0.8825887
0,0.0029487158
0,0.04560608
0,0.003781958
0,0.049467564
0,0.006072654
0,0.4887549
1,0.98287636
0,0.020513905
0,0.7131475
0,0.50233704
0,0.007088755
0,0.017515497
1,0.7655112
0,0.43823737
0,0.026827008
1,0.9086005
0,0.16824743
0,0.012815905
0,0.032536913
0,0.0008050735
0,0.0039831363
1,0.94791734
0,0.0033433882
0,0.04064685
0,0.0012318646
0,0.023268206
0,0.8597373
0,0.19422698
0,0.74173003
0,0.008706449
0,0.51999915
0,0.037725504
0,0.0008285961
0,0.123323336
0,0.053464204
0,0.0069189253
0,0.20566952
0,0.03004101
0,0.0019366153
0,0.07540426
0,0.28398982
1,0.26329687
0,0.055333693
1,0.6695282
1,0.6528433
0,0.8498051
0,0.13860142
0,0.00010475493
0,0.025271045
0,0.009081793
0,0.018613568
0,0.32508072
0,0.005051318
0,0.07330673
1,0.9264889
1,0.337039
0,0.0038148854
0,0.18610442
0,0.00068910304
0,0.010002426
0,0.7266527
1,0.9173241
0,0.80338347
0,0.20865403
0,0.4621349
0,0.0009557014
0,0.0011743887
1,0.926214
0,0.41196534
0,0.0013229167
1,0.7412155
0,0.041326806
0,0.1618634
0,0.020362318
0,0.031826183
0,0.20651029
0,0.024870189
1,0.89861745
0,0.28211656
0,0.2708033
0,0.010042964
0,0.8631505
0,0.020874403
0,0.004150428
0,0.0005132156
1,0.45675147
1,0.9653314
1,0.9218376
0,0.06393611
0,0.94971937
0,0.017954284
0,0.5705362
0,0.019879999
0,0.671187
0,0.19935733
0,0.26456413
0,0.062398933
0,0.004785013
0,0.24586475
0,0.0018352738
0,0.05673367
0,0.00055131613
0,0.01484974
0,0.6000175
0,0.07705219
0,0.0004254656
0,0.008220739
0,0.011265877
0,0.20709851
0,0.7219702
0,0.10334416
1,0.73934156
0,0.056331236
0,0.29388353
0,0.038585585
0,0.010559502
0,0.70013034
0,0.006580841
0,0.08267316
0,0.06740687
0,0.0012826426
0,0.0066360906
1,0.9457601
1,0.9376969
0,0.017075999
0,0.00096784503
0,0.032114457
0,0.01678638
0,0.003106695
0,0.27173993
0,0.8522673
0,0.02273924
0,0.009047398
0,0.14781523
0,0.04684302
0,0.005527954
0,0.013295326
0,0.045124773
0,0.00187216
0,0.01769679
0,0.5340699
0,0.5303365
0,0.0033908628
1,0.73721856
0,0.0014727918
0,0.0029672142
0,0.0072840457
0,0.00817726
0,0.0073129064
0,0.021344695
0,0.7140149
1,0.9799345
0,0.2657281
0,0.0062872563
0,0.001365701
0,0.0314262
0,0.0032135013
0,0.022487696
0,0.5867136
1,0.7677926
0,0.029742412
0,0.005486693
1,0.80155575
0,0.030214174
0,0.979287
0,0.009037811
0,0.86513895
0,0.022096781
0,0.011277536
0,0.8716384
0,0.104728565
0,0.027994525
0,0.041514885
0,0.13855414
0,0.29339373
0,0.07183607
0,0.08232769
0,0.100656666
0,0.7161941
1,0.44032285
0,0.1919684
0,0.85618347
0,0.019279134
0,0.08123717
0,0.039540835
0,0.09870357
0,0.69604135
0,0.0017561492
0,0.0011542586
0,0.7821078
1,0.9729427
0,0.0071222982
0,0.4330088
0,0.019249247
0,0.9771278
0,0.0036304803
0,0.09252915
1,0.96350455
0,0.022114646
0,0.001340104
0,0.0010704349
0,0.0061947685
0,0.000615366
0,0.29119238
0,0.006752533
0,0.00033849358
0,0.0076627377
0,0.86002487
0,0.015281335
0,0.17246398
0,0.007288929
0,0.80147725
1,0.94916993
0,0.0016667735
0,0.25787014
0,0.4499897
0,0.002714358
0,0.21930538
0,0.18627095
0,0.8193556
0,0.024446016
0,0.07749221
0,0.9433321
0,0.07324036
1,0.8844956
1,0.7857194
0,0.006008361
0,0.001935997
0,0.26059592
0,0.018435203
0,0.001592462
0,0.013038635
0,0.020915952
0,0.02540482
0,0.0026230498
0,0.028351974
1,0.9260132
0,0.0123702325
0,0.66178894
0,0.03595694
0,0.67183846
0,0.37809303
1,0.92813957
1,0.9606436
0,0.006076238
0,0.005625793
0,0.008179124
1,0.43977597
1,0.9301183
0,0.0014797209
0,0.10817166
0,0.047679275
0,0.021661153
0,0.69325066
0,0.9786276
0,0.010990389
0,0.008390588
0,0.00782736
0,0.12600426
0,0.11150662
0,0.009397277
0,0.002003481
0,0.008335609
0,0.7606097
0,0.029286409
0,0.5677956
0,0.006353183
0,0.0728588
0,0.5580479
1,0.88305265
0,0.00555463
0,0.012745399
0,0.49037904
0,0.007392366
0,0.38546836
0,0.014296333
0,0.023644198
0,0.0130164465
0,0.01046837
1,0.9575255
0,0.00067822245
0,0.077271864
0,0.021002606
0,0.9486582
0,0.003997997
0,0.0012354578
0,0.05668698
0,0.43223554
0,0.07768773
0,0.51107115
0,0.012330809
0,0.51062536
0,0.92558616
0,0.006678098
0,0.14979653
0,0.47620553
0,0.010377291
0,0.0899176
0,0.16308932
1,0.9665809
0,0.71576643
0,0.40484723
0,0.04540873
0,0.16292399
0,0.32678264
0,0.23742771
0,0.008096556
1,0.39826304
0,0.012202091
0,0.0019922517
0,0.009704122
0,0.082357444
0,0.001878496
0,0.48617154
0,0.072309665
1,0.55852014
0,0.0051208884
0,0.8121769
0,0.082475536
0,0.0035666362
1,0.21342579
0,0.91378564
0,0.0028038893
1,0.9821161
1,0.80328417
0,0.027171928
0,0.1631369
0,0.012087601
0,0.5869338
0,0.019210733
0,0.048032723
0,0.047712035
0,0.038178608
0,0.17375308
0,0.0016883943
0,0.041074105
0,0.13863535
0,0.01757951
1,0.95374924
0,0.33349904
0,0.19391932
0,0.94523
0,0.8828862
0,0.0395779
0,0.001548094
0,0.0045692055
0,0.14559227
0,0.55556756
0,0.0013808142
0,0.7251827
1,0.9446051
0,0.14385948
0,0.354681
0,0.07475002
0,0.15698099
0,0.42069456
0,0.010660776
0,0.12516885
0,0.084387675
0,0.7923337
0,0.5246592
0,0.9478652
0,0.0066602686
1,0.9423994
0,0.0029893692
0,0.019497007
0,0.6969327
1,0.84964424
0,0.61920255
0,0.040440615
0,0.023934253
0,0.0031541395
0,0.009689652
1,0.9026307
1,0.85963464
0,0.008668587
0,0.026652178
0,0.015497564
0,0.02309942
0,0.00023232195
0,0.001013682
0,0.46437258
0,0.66181153
1,0.61485505
0,0.023858543
0,0.0017233398
0,0.0030347577
0,0.36825457
0,0.013630833
0,0.1919382
1,0.8430319
0,0.2588884
0,0.004121018
0,0.030547509
0,0.25492498
0,0.15028538
1,0.8425885
0,0.012140054
0,0.2411442
0,0.030864028
0,0.0415311
0,0.007964007
0,0.42182904
0,0.010781602
0,0.020037416
0,0.0017553394
0,0.44272742
0,0.47883156
0,0.23488022
0,0.0037629874
0,0.07806322
0,0.00952335
0,0.86580974
0,0.033181436
0,0.034043405
0,0.009033161
0,0.47236
1,0.66538423
0,0.7285432
0,0.015530163
0,0.019214047
0,0.104285926
0,0.769245
0,0.0021930577
0,0.03286047
0,0.004326134
0,0.0018368539
1,0.641342
0,0.0022850372
1,0.7169492
1,0.8729759
1,0.31182373
0,0.020065356
0,0.28862992
0,0.0019216192
0,0.025928184
0,0.054113768
0,0.060217377
0,0.083681755
0,0.018838828
0,0.17192915
0,0.00022315535
1,0.98746336
1,0.7672451
0,0.13090102
1,0.88110733
0,0.023551134
1,0.9333641
0,0.0030714353
0,0.0010380558
0,0.017927408
0,0.009062379
0,0.16588089
0,0.016798882
0,0.2267339
0,0.25576818
0,0.011369435
1,0.9200791
0,0.29086944
0,0.010553631
0,0.14937633
0,0.0032659573
0,0.03537154
0,0.014712513
0,0.010895686
0,0.05161879
1,0.8165268
0,0.24366868
1,0.90432227
0,0.0061537214
0,0.0021185896
0,0.29435688
0,0.1010816
0,0.006693675
0,0.07063032
0,0.030958747
0,0.9257939
0,0.5036901
0,0.01355268
0,0.39533243
0,0.05812124
0,0.91433823
0,0.0017560598
0,0.009389871
0,0.4397898
0,0.017002812
0,0.35645837
0,0.039630517
0,0.017869715
1,0.87359095
0,0.00021992926
0,0.0025388023
0,0.6423077
0,0.019813245
0,0.055305008
0,0.0013224172
0,0.14652467
0,0.15260431
0,0.24064904
1,0.9559376
0,0.36527202
0,0.0038404656
0,0.20890377
0,0.0011951233
0,0.027258221
0,0.5857759
0,0.3416534
0,0.0051423693
0,0.022677321
0,0.00064543023
0,0.58211565
0,0.04672669
1,0.8430397
0,0.00050913246
0,0.013838194
0,0.0034213657
0,0.61182857
0,0.90095156
0,0.0011885727
0,0.0015266708
0,0.07687887
0,0.00014982211
1,0.8816086
0,0.0016771164
0,0.6789491
0,0.92211586
0,0.6810605
0,0.20041153
0,0.034725748
0,0.018065127
0,0.015765645
0,0.0018102818
0,0.045197893
1,0.6811747
0,0.070928566
1,0.9730452
0,0.43236017
0,0.08378331
0,0.0055124545
1,0.87407035
0,0.091548644
0,0.0035731003
0,0.018995441
0,0.88529843
0,0.00242144
1,0.77792895
0,0.027302457
0,0.00068469514
0,0.4319947
0,0.123037875
0,0.00061685045
0,0.6225846
1,0.80076283
0,0.117841095
0,0.4634983
0,0.0015835826
0,0.4960362
0,0.31614697
0,0.12391778
0,0.101312555
0,0.23616962
0,0.0101635875
0,0.038699586
1,0.92697823
1,0.5657217
1,0.7356136
0,0.008205428
0,0.0027183935
0,0.03469222
1,0.98515934
1,0.4112329
0,0.0062099053
0,0.0007379825
0,0.004801315
0,0.0003959038
0,0.017061176
1,0.6965102
0,0.0049206847
0,0.23824862
0,0.01838187
0,0.5046624
0,0.0009874617
0,0.35772577
0,0.19356021
0,0.16473559
0,0.66489524
0,0.043859422
0,0.04194745
0,0.07257111
0,0.0027049105
0,0.042008366
0,0.18170133
0,0.003920084
0,0.00808545
0,0.0020321733
0,0.45784307
0,0.07377728
0,0.2306699
0,0.001184144
0,0.7480744
1,0.8594928
0,0.0008753997
0,0.067432955
0,0.0071926443
0,0.32132754
0,0.69040465
0,0.10420464
0,0.006300136
0,0.09980464
0,0.0995339
0,0.029748764
0,0.3393429
0,0.0985916
0,0.0716164
0,0.02165112
0,0.9601143
0,0.3110005
1,0.87259907
0,0.013880817
0,0.87107074
0,0.83603233
0,0.17517532
0,0.014955021
0,0.052192453
0,0.01865909
0,0.012609332
0,0.029226152
1,0.75163114
0,9.054317e-05
0,0.004260878
0,0.0032616386
0,0.30849653
0,0.047949463
1,0.43891466
0,0.015842581
0,0.0033246959
0,0.5197768
0,0.0021638453
1,0.96684563
0,0.034916177
0,0.03912967
0,0.03488067
0,0.00054892845
0,0.32199547
0,0.044552125
0,0.027893296
0,0.13434008
0,0.026081154
0,0.296199
0,0.018929372
0,0.89186764
1,0.85213494
0,0.031661604
0,0.07172425
0,0.0063904095
0,0.045113947
1,0.91607845
0,0.8503158
0,0.01884651
1,0.55326235
0,0.004352688
0,0.027080301
0,0.0156062655
0,0.82270205
0,0.9641213
0,0.06906228
0,0.0028271757
0,0.7753798
1,0.8817323
0,0.1514229
0,0.00034601387
0,0.869763
1,0.87387323
0,0.56826335
0,0.019409204
0,0.002449692
0,0.185205
0,0.008443511
0,0.017331772
0,0.026646353
1,0.93455136
1,0.97928363
0,0.010351696
0,0.80069137
0,0.07784157
0,0.057194386
0,0.35159582
0,0.07269233
0,0.665086
0,0.80669266
0,0.91458666
0,0.07928144
0,0.011795516
0,0.84278923
0,0.045459095
0,0.0033127784
0,0.011742414
0,0.3368537
0,0.011699811
0,0.00049743225
0,0.06609793
1,0.82638407
1,0.98518306
0,0.0016702318
0,0.009426743
0,0.023858499
0,0.28878713
0,0.24700399
0,0.0027466891
0,0.1948466
0,0.013580093
0,0.0021216916
0,0.24828304
1,0.8098629
0,0.0062730107
0,0.11646543
0,0.009485117
0,0.0007443275
0,0.00611563
0,0.8490524
0,0.3348272
0,0.0067167794
0,0.04068173
0,0.0048841937
0,0.026639262
0,0.008428712
0,0.4518535
0,0.011918262
0,0.0006174186
1,0.88534623
0,0.083206475
0,0.043827187
0,0.011094833
0,0.023077145
0,0.019247198
0,0.038422003
0,0.5499508
1,0.95151514
0,0.083035745
0,0.029586203
0,0.018493606
0,0.0027095412
0,0.06871765
0,0.9404814
0,0.18306072
0,0.009575205
0,0.017514471
0,0.0021081555
1,0.9121059
0,0.030174645
1,0.50063753
0,0.48498327
0,0.014754849
0,0.03682977
0,0.33224997
0,0.10832518
0,0.002849052
0,0.01953139
0,0.91182166
0,0.28785312
0,0.6272229
0,0.5965001
1,0.76153857
0,0.45114857
0,0.7217237
0,0.7776407
0,0.21774282
0,0.035039898
0,0.0025681916
0,0.0038343335
0,0.049532894
0,0.04304429
1,0.5917692
1,0.7904576
1,0.68107796
0,0.00087677914
0,0.111122295
0,0.02472089
0,0.9561147
0,0.028589886
0,0.06283825
0,0.7040951
0,0.00018800811
0,0.024397774
0,0.84029853
0,0.22968571
0,0.027507538
0,0.41678944
0,0.0015827925
0,0.2690661
1,0.90400445
0,0.076842904
0,0.008324194
0,0.010206009
0,0.38209718
0,0.43122783
0,0.0072214226
0,0.003095199
0,0.070978366
0,0.2155216
0,0.0020410225
0,0.0014397084
0,0.3570526
0,0.04619235
0,0.065789826
0,0.0049388665
0,0.020138163
0,0.47272643
0,0.0035430521
0,0.06637798
0,0.14493887
0,0.9131308
0,0.89720047
0,0.20043287
0,0.015651869
0,0.0014376465
0,0.022347648
0,0.056037102
1,0.8188366
0,0.05508034
0,0.9109701
0,0.13934341
0,0.032735236
0,0.005793137
0,0.0033354482
0,0.0013558517
0,0.10594311
0,0.0006481289
0,0.011160504
0,0.2948265
0,0.31159925
0,0.010012128
0,0.0005729593
0,0.8436509
1,0.20533636
0,0.0014401622
0,0.9655345
1,0.971511
0,0.017888723
0,0.0055148993
0,0.0007391738
0,0.03545876
0,0.0056370897
0,0.040406212
0,0.0072922315
0,0.015340862
0,0.011024858
0,0.63556784
0,0.054152466
1,0.98709166
0,0.004567334
0,0.45988935
0,0.016177002
0,0.00040026408
0,0.6272117
0,0.0022460984
0,0.005149439
0,0.0023270505
0,0.03170427
0,0.16855066
1,0.5979047
0,0.006150549
1,0.92257345
0,0.3872774
0,0.001277211
0,0.41782767
0,0.32304597
0,0.0001561194
1,0.7094544
0,0.6869875
0,0.76409954
0,0.6245348
1,0.8810905
0,0.9166338
0,0.23174271
0,0.051506832
0,0.0021593939
0,0.60040545
0,0.0004840456
0,0.0141627425
0,0.34637585
0,0.42989552
0,0.5611953
0,0.013709148
1,0.9314524
0,0.10697447
0,0.012645806
0,0.29522842
0,0.22740336
0,0.01710939
0,0.04110146
0,0.015262489
0,0.00020541975
0,0.8140803
0,0.0031930658
0,0.012265948
0,0.1303279
0,0.49865526
0,0.06434702
0,0.0015891078
0,0.8702625
0,0.32696977
0,0.34524482
0,0.00045996817
0,0.7400585
0,0.0040406077
0,0.031164123
0,0.93604636
0,0.35942405
0,0.012729647
0,0.047263946
0,0.9645443
0,0.004187977
0,0.023074845
1,0.9622247
0,0.0053401347
0,0.3709413
0,0.0028441902
0,0.7758222
0,0.009225644
1,0.35302398
0,0.020929018
0,0.018693026
0,0.0014233332
0,0.09289089
0,0.0050077746
0,0.1581834
0,0.05469658
0,0.18731706
0,0.95503485
1,0.059785903
1,0.7696328
1,0.59293514
0,0.023288013
0,0.0027086793
0,0.028161345
0,0.0012130886
0,0.021048108
0,0.014490459
0,0.012770623
0,0.0004217228
0,0.005837154
0,0.0020278418
0,0.008539056
0,0.505529
0,0.008235147
0,0.48680297
0,0.1263398
0,0.06600727
0,0.7100332
0,0.5457998
0,0.020126747
1,0.91532403
0,0.090578035
0,0.16436978
0,0.0030868233
0,0.011080788
0,0.05268838
0,0.0030905765
0,0.0023766118
0,0.26560667
0,0.37248653
0,0.9487364
1,0.5407397
0,0.019200776
0,0.93361384
0,0.07894397
0,0.44098642
1,0.9910165
1,0.83545417
0,0.0037151957
0,0.015445901
1,0.88588005
0,0.8103648
0,0.007909577
0,0.9918922
1,0.93543875
0,0.018382782
0,0.057051606
0,0.0020120994
0,0.50589424
0,0.0012863054
0,0.5185587
0,0.0044184267
1,0.9464305
0,0.0014351535
0,0.08927617
0,0.050275892
0,0.12705155
0,0.0044789324
0,0.25095716
0,0.31936672
0,0.00081754633
0,0.015240682
0,0.018319722
0,0.0503405
0,0.05398575
0,0.017778309
0,0.016978536
0,0.004977518
0,0.023901014
0,0.005141635
0,0.9055591
1,0.7261572
0,0.019631881
0,0.90825677
0,0.002265946
0,0.023892928
0,0.003135344
0,0.7152027
0,0.48741993
1,0.27646038
0,0.0029280176
0,0.00080235803
0,0.010682322
0,0.4768292
0,0.0031341864
1,0.7380882
0,0.11776185
1,0.8497214
0,0.5725587
0,0.06675196
0,0.20197205
0,0.6454117
0,0.4683248
0,0.037341848
0,0.62897766
1,0.94994134
0,0.0002402293
0,0.016833056
0,0.005246655
0,0.017111106
0,0.011382011
0,0.0016900757
0,0.92560774
1,0.5650643
0,0.19939873
0,0.026448267
0,0.028145839
0,0.025835542
0,0.0012263797
0,0.38653356
0,0.016841976
0,0.14584152
0,0.026595682
0,0.036030866
0,0.016945023
0,0.024942143
1,0.82091445
0,0.004555995
0,0.6704385
0,0.0009830559
0,0.009832882
0,0.101371944
1,0.8672965
0,0.019566232
0,0.45702937
0,0.0017274168
0,0.3513575
0,0.014191299
0,0.005883369
0,0.63601893
0,0.031689458
0,0.7838163
0,0.6678547
0,0.08254703
0,0.007065086
0,0.042695228
0,0.757282
0,0.28393036
0,0.008987782
0,0.07987336
0,0.01462214
0,0.00028500907
0,0.044531967
0,0.2678729
0,0.061125804
0,0.18188284
0,0.2545921
0,0.3171206
0,0.004488212
0,0.009174428
0,0.020707175
0,0.07349466
0,0.051221415
0,0.027473977
0,0.027227474
0,0.42927948
0,0.27060804
0,0.54906636
0,0.5971376
0,0.0010161907
1,0.92313826
0,0.0010316033
0,0.08701714
0,0.0792591
0,0.00549833
0,0.0037749365
0,0.84848887
0,0.06602817
0,0.6727668
0,0.12231812
0,0.028365443
0,0.0025395656
0,0.8838186
0,0.033994164
0,0.010067047
0,0.007856851
0,0.17493273
0,0.030437334
0,0.0018502023
0,0.00016293438
1,0.21238157
0,0.8738013
0,0.006071039
0,0.0645303
0,0.008172559
0,0.0023041526
0,0.0004700262
0,0.0027502547
0,0.06913657
0,0.01497442
1,0.9460329
0,0.026250487
0,0.9330961
0,0.0051714755
0,0.32354054
0,0.0064010248
0,0.0072404207
0,0.0003753595
0,0.0050463523
0,0.212806
0,0.12839709
0,0.046245955
0,0.025120907
0,0.05212206
0,0.0025245876
0,0.10525739
0,0.8250582
1,0.6884992
0,0.0028831859
0,0.007914466
0,0.019629598
0,0.011869529
0,0.07717142
0,0.040686022
0,0.038095865
0,0.003622663
0,0.011445289
0,0.0993009
0,0.7179827
0,0.7528237
0,0.0070254668
0,0.031198468
0,0.04737209
0,0.7333957
0,0.0057012346
0,0.056734998
0,0.018985197
0,0.023748124
0,0.04201788
0,9.878646e-05
0,0.59407693
0,0.6537301
0,0.038487095
0,0.85902697
0,0.7013904
0,0.0065147732
0,0.019900063
0,0.022596382
0,0.004553712
0,0.008372441
0,0.73620415
0,0.0012040529
1,0.7875409
0,0.02253463
0,0.7128671
0,0.72182655
0,0.100517176
0,6.316567e-05
0,0.02853733
0,0.0053032152
0,0.034920324
0,0.072617
1,0.29204488
1,0.54571694
0,0.23600452
1,0.5858082
0,0.08342896
0,0.45859647
0,0.023212114
0,0.14415406
0,0.121637635
0,0.015258534
0,0.01562839
0,0.035541717
1,0.80581427
0,0.006176469
0,0.23670961
0,0.2257264
1,0.7405221
0,0.017085461
0,0.40917856
0,0.47248915
0,0.008011111
0,0.002838794
0,0.0021451693
0,0.027296953
0,0.51201195
0,0.0049279816
0,0.55608344
0,0.7490306
0,0.0015841495
0,0.5578369
0,0.045795083
0,0.5818419
0,0.060771767
0,0.18601812
0,0.004910688
0,0.0037753345
0,0.9254029
0,0.17855375
1,0.73352754
0,0.00022315535
0,0.2737783
0,0.7523229
0,0.5708529
0,0.10729209
0,0.023016635
0,0.00041802885
0,0.0007199181
0,0.054491702
0,0.011170639
0,0.15375488
0,0.00917781
0,0.0021796022
0,0.007596467
0,0.6047942
0,0.010299504
0,0.06899853
0,0.00042091194
0,0.5826835
0,0.09330371
0,0.0037268198
0,0.4175998
1,0.6948145
0,0.18915641
0,0.10308404
0,0.16745657
0,0.49052882
0,7.505443e-05
1,0.97798014
0,0.0041611195
0,0.02250678
0,0.0028053229
0,0.13230714
0,0.69557935
0,0.3880431
0,0.002938033
0,0.66372114
0,0.41888776
0,0.0006506283
1,0.23280941
0,0.040887114
0,0.16456826
0,0.0150107145
1,0.4235504
0,0.0189685
0,0.040407073
0,0.041202243
0,0.011336166
0,0.01707015
0,0.00552624
0,0.0020072763
0,0.5606256
0,0.029782519
1,0.9109783
0,0.3701949
1,0.9101785
0,0.017708814
0,0.08540709
0,0.004358819
0,0.035506535
0,0.5631996
0,0.035268713
0,0.8018567
0,0.04198664
0,0.073148035
0,0.013417961
0,0.82184476
0,0.4597688
1,0.52577066
0,0.08543816
0,0.03740448
1,0.97581667
0,0.0475137
0,0.0042119566
0,0.108970255
0,0.040792994
0,0.0005070761
0,0.8907555
0,0.0011017433
0,0.14899404
1,0.3601254
0,0.010474244
0,0.039021313
0,0.006891795
0,0.0043448545
1,0.5270883
0,0.0030316242
0,0.060233496
0,0.12965192
0,0.0017291525
0,0.023932721
0,0.39478225
0,0.10330024
1,0.37466505
0,0.26789466
0,0.27704048
0,0.09497482
0,0.0009531022
0,0.15193461
0,0.80512875
0,0.0036257538
0,0.0011064607
0,0.017247787
0,0.0010636324
0,0.009307704
0,0.17716473
0,0.020374143
1,0.17523424
0,0.0075411107
0,0.106211476
0,0.0028463928
0,0.006753988
0,0.0029907224
1,0.8788912
0,0.0031617307
1,0.8636066
0,9.011671e-05
0,0.88009024
0,0.0034938029
1,0.9307662
0,0.028620413
0,0.27527577
0,0.49286744
0,0.14421028
0,0.08984536
0,0.0020653533
0,0.4065087
0,0.012137955
0,0.0018291014
0,0.0044946573
0,0.024203595
0,0.0072579314
0,0.034279786
0,0.0058024824
0,0.0001330928
0,0.011067457
0,0.011663356
0,0.0016502779
1,0.8211585
0,0.00044460726
0,0.004306878
0,0.11697666
0,0.22869548
0,0.73863846
0,0.0030712222
0,0.0023029528
0,0.23074624
0,0.001908385
1,0.90606874
0,0.33656827
0,0.035590768
0,0.010314889
0,0.8982616
0,0.010148392
0,0.4995605
0,0.0814741
0,0.0043186005
0,0.7072417
1,0.7488439
0,0.006415039
0,0.0037766332
1,0.4471243
0,0.003448915
0,0.0021552602
0,0.19810285
0,0.0035537702
0,0.01737314
0,0.071917884
0,0.0136157945
1,0.38415518
0,0.038434383
0,0.79291785
0,0.41257697
1,0.9383477
0,0.9436474
0,0.032014895
0,0.057845797
0,0.015638892
0,0.002532401
0,0.75629884
0,0.0065882388
1,0.5701746
0,0.003982026
1,0.78120077
0,0.5156329
0,0.14171366
0,0.15616563
0,0.056491878
0,0.10409047
0,0.6823291
0,0.04684993
0,0.018881418
0,0.08700523
0,0.014961949
0,0.012201757
0,0.90854377
1,0.53107566
0,0.01873632
0,0.4858636
0,0.00038513046
0,0.90488577
0,0.29824555
0,0.039252933
1,0.0430809
0,0.0390064
0,0.0153751485
1,0.82043296
1,0.7681559
0,0.66766053
0,0.0037640887
1,0.65057594
0,0.009380845
0,0.2796401
0,0.7198232
0,0.03239143
0,0.27540362
0,0.15577406
0,0.037475564
0,0.86077565
0,0.005528431
0,0.015154835
0,0.12260707
0,0.22344552
0,0.0014810418
0,0.007016312
0,0.4775544
0,0.44964686
0,0.92701983
0,0.761601
1,0.89283556
0,0.5223791
0,0.10749911
0,0.0009285237
0,0.032554284
0,0.2870544
0,0.010081412
0,0.07683007
0,0.0069975276
0,0.23963407
0,0.0039668777
0,0.0015621635
0,0.8633712
1,0.9174769
0,0.019409802
0,0.0009607437
0,0.76094425
0,0.07220017
1,0.37692025
0,0.009690197
0,0.017200254
0,0.061078932
0,0.12455117
0,0.03555594
0,0.0140017625
0,0.07535647
0,0.037816342
0,0.76385
0,0.1675165
0,0.000325923
0,0.017459024
0,0.337954
0,0.022688117
0,0.41153398
1,0.795881
0,0.008020859
1,0.87120146
0,0.019135159
0,0.008346265
0,0.45253116
0,0.004303027
1,0.06439926
0,0.6378523
0,0.026235051
0,0.0064373557
0,0.16730608
0,0.006405205
0,0.2841538
0,0.0041664895
0,0.047633905
0,0.20631486
0,0.81435955
0,0.0103385
0,0.00868937
0,0.006928745
0,0.0010211553
0,0.7075481
1,0.64285105
0,0.023367915
0,0.47526458
0,0.9212331
0,0.017051503
0,0.00030378703
0,0.12564814
0,0.008012736
0,0.109823614
1,0.9180392
0,0.0070880204
0,0.0020819986
0,0.09705877
0,0.06250775
1,0.8836278
0,0.9365338
0,0.104992144
0,0.02015071
0,0.8678523
0,0.15227166
0,0.015982967
0,0.0024625245
0,0.24685748
0,0.974644
0,0.02799361
0,0.025712304
1,0.5793168
0,0.009110279
0,0.0023536112
0,0.13685606
0,0.062258057
0,0.030293996
1,0.36181867
0,0.02056212
0,0.008932609
0,0.20755406
0,0.07836621
0,0.009175287
0,0.026981328
0,0.09064929
0,0.0017651401
0,0.4999264
0,0.028925376
0,0.004483874
0,0.022591611
0,0.8910647
0,5.3411353e-05
1,0.9450333
0,0.18797158
0,0.057936914
0,0.023223633
0,0.015074157
0,0.04143302
0,0.6716445
0,0.0070512877
0,0.531537
0,0.035630725
0,0.8579381
0,0.0032731849
0,0.5051298
0,0.004257212
0,0.026507651
0,0.20861393
1,0.7327181
0,0.0009508292
0,0.08283938
0,0.758096
0,0.0002554817
0,0.070032656
0,0.0005549341
1,0.45278832
0,0.043412022
1,0.6528283
0,0.105256066
0,0.00659122
0,0.43744943
0,0.12243362
0,0.13673817
0,0.0026622037
0,0.0051621716
0,0.0005170144
0,0.0064080763
0,0.652578
0,0.25898743
0,0.65902865
0,0.045603644
0,0.017514193
0,0.19722101
0,0.0012638789
0,0.5578681
0,0.0007217199
0,0.029747272
0,0.018770987
0,0.024347361
1,0.72893846
0,0.14537261
0,0.010088892
0,0.006212295
0,0.00086484343
0,0.0010141496
0,0.41998914
0,0.4098387
0,0.6580139
0,0.14753287
0,0.020332064
0,0.0031249332
0,0.0033729365
0,0.003147083
0,0.006325705
0,0.1205819
0,0.0031340804
1,0.9561658
0,0.010629037
0,0.0008521155
0,0.5351424
0,0.037816107
0,0.2529191
0,0.08465338
0,0.038387634
0,0.008020089
1,0.92689663
0,0.010951542
1,0.967675
0,0.002241204
0,0.13812704
0,0.4077609
0,0.8117726
1,0.57762295
0,0.017423665
0,0.0098502
0,0.074047156
0,0.0015478168
1,0.842326
0,0.029770877
0,0.0074805133
0,0.26548958
0,0.39367694
0,0.00023554219
0,0.6826051
1,0.2691868
0,0.044446733
0,0.5977258
1,0.8247689
0,0.40566993
0,0.3838408
0,0.008858288
0,0.02849993
0,0.0050345464
0,0.69530094
0,0.010373765
0,0.16942735
0,0.009654447
0,0.007187334
0,0.48846507
0,0.2974661
1,0.9677445
0,0.048390638
0,0.6153812
0,0.06499189
0,0.27904862
1,0.82782567
0,0.41119188
0,0.0013533534
0,0.013492543
0,0.016621143
0,0.9390394
0,0.07763246
0,0.019512596
0,0.008370533
0,0.3663725
0,0.017158855
0,0.013669026
0,0.8878045
0,0.7468248
0,0.21099538
0,0.18531643
0,0.0023976648
1,0.8894558
0,0.0100425705
0,0.06791553
0,0.23562622
0,0.4856596
0,0.07419335
0,0.0009417165
0,0.018181305
0,0.019178526
0,0.0010641717
0,0.0007628905
0,0.11503121
1,0.78789693
0,0.011994607
0,0.16416903
1,0.7785962
0,0.02877205
0,0.28672698
0,0.47585207
0,0.8183516
0,0.0632809
0,0.06376674
0,0.00036679997
0,0.076783895
0,0.4362969
0,0.16687807
0,0.025000995
0,0.0005330363
0,0.080982745
0,0.7677445
0,0.09743245
0,0.38940755
0,0.00062693673
0,0.01065631
0,0.00070278934
0,0.37042573
1,0.6401738
0,0.5452658
0,0.0014568085
0,0.0035024663
0,0.016592344
0,0.009633775
0,0.07954717
0,0.063968934
0,0.007946098
1,0.8642173
0,0.1654371
0,0.37714946
0,0.19174273
0,0.107863955
0,0.25289235
0,0.036761664
0,0.21846935
0,0.027482342
0,0.8173325
0,0.49912453
0,0.027032902
0,0.0035070945
0,0.0077152806
0,0.00025006634
0,0.0023724244
0,0.0004363107
0,0.5999658
0,0.55053425
0,0.06769543
0,0.035769016
0,0.0070303655
0,0.054299217
0,0.8971791
0,0.025019065
0,0.13424163
0,0.6459551
0,0.26219884
0,0.02322725
0,0.025093218
0,0.14918695
0,0.0027099508
0,0.019708369
0,0.08657185
0,0.019041946
0,0.045341257
0,0.017539252
0,0.30363542
0,0.033856526
0,0.0974522
0,0.001999124
0,0.724001
0,0.020638157
0,0.013380374
1,0.95813566
0,0.0487096
0,0.24598324
0,0.0004943982
0,0.742669
0,0.44030917
0,0.003513124
0,0.0022623634
1,0.9347299
0,0.016684031
0,0.20680353
1,0.96844983
1,0.8625999
0,0.011728876
0,0.7584333
0,0.028733302
0,0.12743892
0,0.0084628835
0,0.26372728
0,0.45507777
0,0.0007348441
1,0.9634051
0,0.05534695
0,0.004724567
0,0.008044534
0,0.026781099
0,0.11308392
0,0.0035722856
0,0.6847767
0,0.30328897
1,0.95409465
0,0.26173225
0,0.003683766
0,0.044994906
0,0.016344965
0,0.049951624
0,0.03357293
0,0.01659362
0,0.003352618
1,0.9553157
0,0.01545668
0,0.00021543959
0,0.92818147
0,0.0870118
0,0.002041174
0,0.016575446
0,0.051520545
0,0.06631348
0,0.00010718733
0,0.032743346
0,0.010323329
0,0.027740462
1,0.8362907
0,0.0051544686
0,0.06331364
0,0.0044932324
0,0.0024722433
0,0.026113372
0,0.010817234
0,0.0992482
1,0.5594714
0,0.03879862
0,0.124642566
0,0.8505123
0,0.30757684
0,0.10150111
0,0.007912564
0,0.16687027
0,0.005348852
0,0.055886384
0,0.031326197
0,0.026821246
1,0.99026334
0,0.0021183467
0,0.0026990792
1,0.9526924
0,0.32327557
0,0.0070456876
0,0.020336077
0,0.011661592
0,0.007987137
0,0.7974849
0,0.14910322
0,0.026110075
0,0.9168636
0,0.8025656
0,0.9170255
0,0.0012261017
0,0.0024533805
0,0.621971
0,0.0055523464
0,0.002875392
0,0.11067971
0,0.0056427913
0,0.016785072
1,0.21321018
0,0.13630186
1,0.35985819
0,0.14019345
0,0.8982424
0,0.03986361
0,0.008478422
1,0.8215783
0,0.024645923
1,0.77994215
0,0.002726905
0,0.0012484494
0,0.07198653
0,0.09915094
0,0.14281559
0,0.0062273955
0,0.18841928
0,0.007767446
0,0.05125857
1,0.6208647
0,0.002392012
0,0.0036627252
0,0.030525858
0,0.051444087
0,0.0029094866
0,0.07196692
1,0.97486216
0,0.028796865
0,0.008139216
0,0.006747648
0,0.055953912
0,0.025238354
0,0.48724887
1,0.5585504
0,0.023288356
0,0.080778465
0,0.0009934201
0,0.121768944
0,0.048414074
0,0.005107244
0,0.44543177
0,0.027565893
0,0.021931207
0,0.013178423
0,0.0074122734
0,0.00097008096
0,0.030741224
0,0.0031875325
0,0.023651997
0,0.00017412509
0,0.029357104
0,0.0042039123
0,0.027497193
0,0.0062658302
0,0.13216467
0,0.06273325
0,0.0043550297
0,0.0069119404
0,0.009470327
0,0.00276006
0,0.005015481
0,0.035888072
0,0.026455536
0,0.6885991
0,0.10496465
0,0.026626503
1,0.74281746
0,0.72771287
0,0.03170342
1,0.96870774
0,0.074690744
0,0.017383832
1,0.54685056
0,0.00792868
0,0.50814855
0,0.09756516
1,0.9694166
0,0.025520373
0,0.005479656
0,0.001358196
0,0.0026572996
0,0.05290328
0,0.17145704
0,0.020778716
0,0.022643702
0,0.0027193243
0,0.61649406
0,0.13450116
0,0.04922034
0,0.24294887
0,0.0060458602
0,0.6025134
0,0.08538122
0,0.4598472
0,0.06291561
1,0.63539964
0,0.014795246
0,0.035544217
0,0.012230308
0,0.07063871
0,0.03896269
0,0.04538765
0,0.15724821
0,0.0006807665
0,0.18364975
0,0.006296874
0,0.0030843052
0,0.028497612
0,0.032774743
0,0.080882564
0,0.2462636
0,0.032800585
0,0.24831155
0,0.16763905
0,0.2830097
0,0.006643598
0,0.001216403
0,0.12020437
0,0.020253986
0,0.10973002
0,0.021248676
0,0.34243074
0,0.041441828
0,0.85067946
0,0.17823313
0,0.04854954
0,0.00019772255
0,9.625035e-05
0,0.023937216
0,0.23682049
0,0.06885808
0,0.019903341
0,0.012810681
1,0.94394195
0,0.24128808
0,0.04704766
0,0.00013403872
0,0.034424484
0,0.012636242
0,0.8249712
0,0.14717148
0,0.025735524
0,0.0005904864
0,0.02307519
0,0.00025801602
1,0.9644128
0,0.014626835
0,0.17402487
0,0.037298746
0,0.0057207705
0,0.0008480165
0,0.6014917
0,0.15298477
0,0.11609129
0,0.11848531
0,0.008545542
0,0.14333385
0,0.0003477996
0,0.8681227
0,0.03706653
0,0.7096985
0,0.008099789
1,0.48243663
0,0.13313203
0,0.009837047
0,0.009425942
0,0.23373313
0,0.0015463149
0,0.009961819
1,0.48270068
0,0.46474758
0,0.002932897
0,0.027244175
1,0.56478053
0,0.04542055
0,0.010730838
0,0.010063018
0,0.7746182
1,0.9486195
0,0.02228553
0,0.05836829
0,0.0036938442
0,0.22671565
0,0.2547742
0,0.014741538
1,0.9137054
1,0.7735508
1,0.87971723
0,0.44242817
0,0.86971974
0,0.0065829675
0,0.12017712
0,0.033826906
0,0.38146013
0,0.049951624
0,0.0077663725
0,0.015831588
0,0.33786145
0,0.0038020643
0,0.21488598
0,0.0018944326
0,0.91761553
0,0.0047802627
0,0.078349136
0,0.011408939
0,0.029533718
0,0.0018984555
1,0.9334235
0,0.002028912
1,0.9737379
0,0.42403156
0,0.0034066378
0,0.011704135
0,0.9617308
0,0.6112868
0,0.11353256
0,0.09459577
0,0.030301755
0,0.07450254
0,0.0035800268
1,0.5214653
0,0.009358653
0,0.17869264
0,0.023470541
0,0.3654311
1,0.7428813
0,0.18315221
0,0.0058910823
0,0.74214596
0,0.0051864716
1,0.9413201
0,0.6406715
0,0.42644364
1,0.9781547
0,0.19599813
1,0.8207631
0,0.021516709
0,0.25257158
0,0.011342234
0,0.018592514
0,0.019105705
0,0.01957529
0,0.1256127
0,0.015281119
0,0.047775455
0,0.008152921
0,0.002029108
0,0.073375046
0,0.28536573
0,0.01357386
0,0.0007615936
0,0.098835446
0,0.070439905
0,0.081689164
0,0.009105584
0,0.16111556
0,0.0012809334
0,0.22757556
0,0.61406726
0,0.00010476961
0,0.0075552883
0,0.032956325
0,0.34217396
0,0.07131115
0,0.7559328
1,0.8830759
0,0.049387176
1,0.5629391
0,0.10050638
0,0.12535818
0,0.02145942
0,0.020377005
1,0.95724106
0,0.7627116
1,0.8274044
0,0.0017043304
0,0.01776203
0,0.60506713
0,0.12952086
0,0.1281692
0,0.03542482
0,0.3066236
1,0.9324172
0,0.0012926654
0,0.049315758
0,0.50959647
0,0.04961756
0,0.008710623
1,0.9101734
0,0.0024847253
1,0.6130225
0,0.011089863
0,0.009493557
0,0.11066403
0,0.017452262
0,0.13144569
0,0.0024138854
0,0.0048101866
0,0.0012808766
0,0.00014976399
0,0.0078021814
0,0.93493956
0,0.0074460567
0,0.020839343
0,0.18151267
0,0.39624426
0,0.6749973
0,0.00016122188
0,0.1694912
0,0.008989732
0,0.0060010864
0,0.009143648
0,0.009526111
0,0.077550516
0,0.0045604
0,0.004981024
0,0.7682478
1,0.7873641
0,0.06951554
0,0.68613005
0,0.025769627
1,0.8305778
0,0.030390417
0,0.076504245
0,0.02027091
0,0.16763845
0,0.14058669
0,0.0022435212
0,0.0016072347
1,0.8328453
0,0.053559057
0,0.13185482
0,0.0033703712
0,0.13442694
0,0.502908
0,0.0062816283
0,0.005236114
0,0.002392713
0,0.7827303
0,0.65082264
0,0.0013396421
0,0.48754367
0,0.5047316
0,0.34528235
0,0.026809817
1,0.6678518
0,0.4366535
0,0.071635745
0,0.5033052
0,0.001060313
0,0.006098305
0,0.005200371
0,0.21593295
1,0.7603413
0,0.13518685
0,0.14434487
0,0.048575014
0,0.10142628
0,0.44857457
0,0.018974924
0,0.0068955882
0,0.0014817471
0,0.000805641
0,0.0012110872
0,0.38053247
0,0.93453866
0,0.006558897
1,0.7601223
0,0.011429507
0,0.000857122
0,0.030768147
0,0.014888519
0,0.016015194
0,0.00779951
1,0.74216807
0,0.20750642
0,0.01696875
0,0.14967373
0,0.023057202
0,0.012872857
0,0.9435614
1,0.984235
0,0.0077835335
0,0.034254387
0,0.7228317
0,0.24599227
0,0.6799337
0,0.119347565
0,0.29904696
0,0.8874813
0,0.0043733455
0,0.045419443
0,0.01918365
0,0.0032942554
0,0.00042218194
1,0.82433665
0,0.010221879
0,0.7753856
0,0.0016370082
0,0.1856071
0,0.5394429
0,0.3158514
0,0.014440895
0,0.0038524454
0,0.022482667
0,0.044357922
0,0.7121635
1,0.17608501
0,0.9216847
0,0.0050975904
0,0.8189914
0,0.009504858
0,0.033616688
0,0.18442737
0,0.10810219
0,0.00032583164
0,0.20094877
0,0.0028540727
0,0.08929121
0,0.028812226
0,0.0012818102
0,0.7540732
0,0.020975607
0,0.13652244
1,0.74764407
0,0.42170706
0,0.9097538
0,0.9377498
0,0.012342743
0,0.008344017
0,0.029934697
0,0.5377347
0,0.0019928322
0,0.71705043
0,0.0014987255
0,7.860727e-05
0,0.32339358
0,0.02109245
0,0.0044109444
0,0.0008345537
0,0.040559504
0,0.007515406
0,0.78338975
0,0.02594604
0,0.018960338
0,0.037946213
0,0.014801941
0,0.008107113
0,0.00096212636
0,0.98127294
0,0.011184331
0,0.003482572
1,0.80045843
0,8.366221e-05
0,0.10056496
0,0.79552567
1,0.8948215
0,0.76573384
0,0.17781095
0,0.041497707
0,0.99333715
0,0.009523026
0,0.6618422
0,0.015115252
0,0.28246298
0,0.003484982
0,0.003522302
0,0.89762104
0,0.011034043
0,0.3156997
0,0.22265416
0,0.03474968
0,0.08076451
0,0.1140957
0,0.00984841
0,0.13072167
0,0.9211556
0,0.9805064
0,0.0059132376
1,0.85603493
1,0.90037024
0,0.35837567
1,0.17180827
0,0.00085896195
0,0.031927694
0,0.41327798
0,0.011231839
0,0.0448146
0,0.21872167
0,0.017536279
1,0.97121966
0,0.7627428
0,0.06801285
0,0.28060234
0,0.96688455
0,0.0004078244
0,0.15892035
1,0.81478673
0,0.08962123
0,0.04689282
0,0.15731543
0,0.6516512
0,0.13831618
0,0.82824117
0,0.50219625
0,0.83257204
0,0.24428244
0,0.09498124
0,0.0008326521
0,0.03639422
1,0.530544
0,0.24485447
0,0.03423453
1,0.9469074
0,0.8810519
0,0.0033782064
0,0.007605636
0,0.45469272
0,0.0029666133
1,0.9325374
0,0.3243919
0,0.03469694
0,0.53995657
0,0.012111957
1,0.69025147
0,0.021614935
0,0.016321553
1,0.8514315
0,0.014876746
0,0.108487874
0,0.0012064064
0,0.2208524
0,0.016330743
0,0.016462894
0,0.0014020869
0,0.003990703
0,0.049827762
0,0.011766465
0,0.3871337
1,0.7292729
0,0.050888814
0,0.79226136
0,0.00028619164
0,0.31420314
0,0.02167952
0,0.6011555
0,0.06898675
1,0.9077411
0,0.047689117
1,0.97783124
0,0.6766221
0,0.02732202
0,0.0018360426
0,0.5125439
0,0.6623729
0,0.010181563
0,0.68166
0,0.0019540417
0,0.0009482734
1,0.8960331
0,0.0585516
0,0.90111756
1,0.8916244
0,0.12993859
0,0.06620376
0,0.01154486
0,0.071969636
0,0.050378118
0,0.0006773059
0,0.00035699276
0,0.010499742
0,0.042650122
0,0.0068522063
0,0.44898233
0,0.004016814
0,0.5895367
1,0.94141996
1,0.78093547
0,0.14906794
0,0.007981517
0,0.001877235
0,0.009266902
0,0.043600768
0,0.02525166
0,0.07595226
0,0.63286155
0,0.010116731
0,0.01777149
0,0.8749155
0,0.00073291746
0,0.22908373
0,0.3318839
1,0.8366462
0,0.06932732
0,0.037495103
0,0.016290125
0,0.013658717
0,0.11029015
0,0.77358615
0,0.026281217
0,0.32707497
0,0.063410036
0,0.7190163
0,0.108592294
1,0.8758153
0,0.9749484
0,0.020783484
1,0.6345055
0,0.077165
1,0.8451778
0,0.014440311
0,0.034463767
0,0.0002280631
0,0.022199605
0,0.16376318
0,0.70922655
1,0.8169295
0,0.3750302
0,0.03719628
0,0.22658803
0,0.06547367
0,0.012991983
0,0.019554889
0,0.0012375766
0,0.0022280356
0,0.117540926
0,0.00042127198
0,0.009030122
0,0.008201591
0,0.06561535
0,0.49184018
0,0.45496628
1,0.9899288
1,0.951403
1,0.7478405
0,0.70628065
0,0.7867161
0,0.022648145
0,0.01821912
0,0.3614349
0,7.252342e-05
0,0.006538413
0,0.002571958
0,0.00097005087
0,0.6283626
0,0.14480859
0,0.89483786
0,0.07919454
0,0.01318303
0,0.71381855
1,0.7481508
0,0.124473654
0,0.026293801
0,0.0010411757
1,0.899121
0,0.08474173
0,0.07971706
0,0.0013478094
0,0.16872767
0,0.0012626492
0,0.55610585
0,0.005779594
0,0.4122218
0,0.5632563
0,0.005641622
0,0.0021970973
0,0.31932238
0,0.24619977
0,0.036719374
0,0.5215271
1,0.69047946
0,0.02326319
1,0.951544
0,0.009699756
0,0.0028931827
0,0.0034606957
0,0.7610272
0,0.07820709
0,0.076655194
0,0.21865472
1,0.32952243
0,0.17880297
0,0.00018034756
0,0.004297141
0,0.0017324744
0,0.25158775
0,0.16312079
0,0.0030438735
1,0.80675745
0,0.026772605
0,0.01947835
0,0.41033515
0,0.0028690174
1,0.86191815
0,0.0030527872
0,0.002541476
0,0.90962076
0,0.798592
0,0.002601017
0,0.00041054667
0,0.07860884
1,0.9244369
0,0.0014078042
0,0.123016536
0,0.85109985
0,0.082767874
0,0.0058850734
1,0.9213156
0,0.6962646
0,0.48805776
0,0.028758539
0,0.19273831
0,0.06442259
0,0.22989169
0,0.13461712
0,0.008722851
0,0.014038102
0,0.10927931
1,0.9744342
0,0.019980907
0,0.04855497
0,0.62294745
0,0.4952806
1,0.88571006
0,0.42451507
0,0.4944983
0,0.90530026
0,0.8129565
0,0.08391322
0,0.00030008345
0,0.7496976
0,0.35232243
0,0.010805674
1,0.9173186
0,0.089562945
0,0.004032296
0,0.35761383
0,0.20352356
0,0.056519855
0,0.24342377
0,0.004647055
0,0.20877427
1,0.932101
0,0.0032636793
0,0.68449855
1,0.9483236
0,0.020996228
0,0.6563903
1,0.58266634
0,0.42585933
0,0.008479953
1,0.26851955
0,0.009195731
0,0.020256758
0,0.008232072
0,0.018442346
0,0.39233884
0,0.08657281
1,0.9768093
0,0.11553538
0,0.034458492
0,0.017889056
0,0.00042655395
0,0.49942026
0,0.004024213
0,0.00070063234
0,0.019115599
1,0.2272838
0,0.034901936
0,0.14582229
0,0.15325673
1,0.97190833
0,0.5031043
0,0.0029711397
0,0.062222756
0,0.0915964
0,0.039154686
0,0.08165705
0,0.0022020547
0,0.047996994
0,0.07833946
1,0.6956577
0,0.027299734
0,0.2388771
0,0.004870643
0,0.0067430604
0,0.0044324817
0,0.0023627093
0,0.0010491378
0,0.0037514449
0,0.011700627
0,0.003981107
0,0.004844437
0,0.027871225
0,0.42959884
0,0.0005898887
0,0.40969175
0,0.030178003
0,0.21645005
0,0.008755385
0,0.111523576
0,0.16725825
0,0.050288573
0,0.008525544
0,0.030741224
0,0.007497977
0,0.02210393
0,0.007014342
0,0.06410473
1,0.55614424
0,0.00849399
0,0.019126546
0,0.057279978
0,0.4222044
0,0.7179538
0,0.51175463
0,0.0007273136
0,0.06544148
0,0.120174594
0,0.0021291706
0,0.04013268
0,0.12788296
0,0.43771204
0,0.001587228
0,0.0044451687
0,0.10920732
0,0.040640198
0,0.027004024
0,0.003594089
0,0.004677909
0,0.027394664
0,0.0873761
0,0.051166058
0,0.022174228
0,0.0011513925
0,0.003889177
0,0.30473584
0,0.016256453
0,0.003073689
0,0.3288068
0,0.0882339
0,0.6672377
0,0.33485672
1,0.93589306
0,0.0047702985
0,0.2754639
1,0.9924861
0,0.030340772
0,0.52603495
0,0.045474343
0,0.92637783
0,0.027411908
0,0.0004284712
0,0.89822733
0,0.0447349
0,0.17968902
0,0.67550826
0,0.77133405
0,0.73870707
1,0.5777872
0,0.7343441
0,0.025640264
0,0.06570836
0,0.015328088
0,0.056406733
0,0.0020833712
0,0.009783595
0,0.9431538
0,0.060650628
0,0.0022913325
0,0.017583868
0,0.0003003488
0,0.0035421534
0,0.008007595
0,0.07720866
0,0.028263897
1,0.3327492
0,0.6238232
0,0.07480337
0,0.011223506
0,0.007987817
0,0.0061727935
0,0.45759273
1,0.6442308
0,0.021861263
1,0.95824564
0,0.002520145
0,0.78105366
0,0.035247438
0,0.06467104
0,0.885335
0,0.86491275
0,0.023041284
1,0.67996895
0,0.006178199
0,0.058101118
0,0.6108475
0,0.039776497
0,0.027957315
0,0.0018721144
0,0.011773708
0,0.28692302
0,0.0058335247
0,0.021566695
0,0.016879356
0,0.005027672
0,0.011281492
0,0.10875243
0,0.029905051
0,0.0016899573
1,0.76678276
0,0.027781414
0,0.22117941
0,0.011142926
0,0.002093721
0,0.86226076
0,0.0016819919
0,0.04894536
0,0.0007298639
0,0.87180054
0,0.01632074
1,0.8822452
0,0.86319125
0,0.013719306
0,0.0053409147
0,0.009553369
0,0.0038382914
0,0.00010023514
0,0.0077872905
0,0.56190026
0,0.33218035
0,0.08028938
1,0.75079393
0,0.85549545
0,0.015048749
0,0.008193267
0,0.14372885
0,0.008356075
0,0.15662701
0,0.3479246
0,0.08492011
0,0.16358264
0,0.34554034
0,0.07262699
0,0.0006410543
1,0.9292651
0,0.3946843
0,0.4836323
0,0.07793235
0,0.75334066
0,0.011587391
0,0.0036767197
0,0.050319396
0,0.0804454
1,0.9495021
0,0.017988332
0,0.012247128
0,0.04532962
0,0.0017878464
0,0.20435315
0,0.069488354
0,0.8999596
0,0.004639126
0,0.003416808
0,0.020601474
0,0.004653683
0,0.005972789
0,0.005901265
0,0.0020602334
0,0.0113856
0,0.0021367955
0,0.004916803
0,0.17282324
0,0.3753653
0,0.75202864
0,0.13676293
0,0.08050969
1,0.5879949
0,0.050803106
0,0.18225053
0,0.8244453
0,0.020742241
0,0.027555317
0,0.020789905
0,0.01062635
0,0.5851362
0,0.04776059
0,0.0044405987
0,0.005181878
0,0.008832594
0,0.0010133745
0,0.0018885128
0,0.054162774
0,0.014598093
0,0.8214016
0,0.004462419
0,0.025570923
0,0.004035729
0,0.41363382
0,0.9316334
0,0.32958862
0,0.19843107
1,0.98872465
0,0.0019890338
0,0.08247952
0,0.50612086
0,0.018583206
0,0.114534944
1,0.87905794
1,0.29445058
0,0.046532527
0,0.012221504
0,0.005280199
0,0.050539915
0,0.67261773
0,0.0074161375
0,0.14097403
0,0.005949092
0,0.0029373346
0,0.76020247
0,0.64670885
0,0.0013079471
0,0.027011005
0,0.00045362744
0,0.5082785
0,0.03168016
1,0.35571757
0,0.19745022
0,0.003948757
0,0.32945907
0,0.00771393
0,0.027167296
0,0.013657362
0,0.00035900174
0,0.016853223
0,0.0028998195
0,0.021365631
0,0.016246041
0,0.00017893905
0,0.0030620557
0,0.02571105
0,0.24263084
0,0.0053422754
0,0.95601857
1,0.6688033
0,0.013942515
0,0.016238276
0,0.24677806
0,0.567595
0,0.98450816
1,0.6666606
0,0.02666715
1,0.7694975
0,0.036784366
0,0.015959669
0,0.80324674
0,0.0036024235
0,0.001721005
0,0.16045219
0,0.44967836
0,0.009797852
0,0.0020008048
1,0.80212486
0,0.0016776769
0,0.00020131604
0,0.0008316451
0,0.20479828
0,0.007864751
0,0.5023487
0,0.0014883213
1,0.9743479
0,0.111659065
0,0.09529247
0,0.0056124683
0,0.7323741
0,0.033643708
0,0.10743446
0,0.28796238
1,0.7624499
0,0.19162215
0,0.002022523
1,0.7380849
0,0.9138392
1,0.8095392
0,0.018233998
0,0.8602778
1,0.935374
1,0.7790447
0,0.020695662
0,0.08043993
1,0.4895225
0,0.1067313
0,0.026888357
0,0.013008123
0,0.00353425
0,0.011260886
0,0.09048007
0,0.009573866
0,0.037663504
0,0.003930916
0,0.02563385
1,0.9390475
0,0.9302732
0,0.64193267
0,0.73692197
0,0.003624147
0,0.00012735573
0,0.026204567
0,0.2570382
0,0.0058456054
0,0.91468996
0,0.013921499
0,0.0025756361
1,0.6055263
0,0.03206038
0,0.023350662
0,0.005946628
0,0.0751881
0,0.29506212
0,0.017018836
0,0.0011615476
0,0.018062886
0,0.026337769
0,0.023227844
0,0.001404457
0,0.010721427
0,0.25839394
1,0.95210695
0,0.00053738215
0,0.0022735114
0,0.2121387
0,0.0042740605
1,0.9101892
1,0.9222748
0,0.38027433
0,0.0017070035
0,0.095353276
0,0.015660657
0,0.07832138
1,0.58499503
0,0.012538572
0,0.6091889
0,0.023122743
0,0.037303377
0,0.0092645595
0,0.016641427
1,0.9432771
0,0.0034451985
0,0.0068321615
1,0.9766915
0,0.0016900742
0,0.29848012
0,0.1882163
0,0.07498995
0,0.061906483
0,0.33920968
0,0.8906577
1,0.98229814
0,0.20739552
0,0.10896944
1,0.842585
0,0.027634813
0,0.19879581
0,0.0014817817
0,0.015978243
0,0.51557726
0,0.69539297
0,0.068290815
0,0.67805415
0,0.0042122426
0,0.010342838
0,0.010904096
0,0.05402302
0,0.14653517
0,0.032029033
0,0.13896947
0,0.017303718
0,0.084736735
0,0.34294114
0,0.08675542
1,0.82349515
0,0.0010813407
0,0.32231084
0,0.048185024
0,0.000694832
0,0.012971643
0,0.01874349
0,0.05853223
0,0.0037281483
0,0.5182332
0,0.013839321
0,0.0040425886
0,0.0062492876
0,0.5901627
1,0.7542997
0,0.042817328
0,0.12643361
0,0.022929087
0,0.028671633
0,0.0012179781
1,0.9305887
0,0.3272762
0,0.0035574362
0,0.013270147
0,0.78252965
0,0.004230615
0,0.08806905
1,0.7960938
0,0.020504093
0,0.28015715
1,0.9748512
0,0.0023972497
1,0.9509369
0,0.00019090016
0,0.0072610658
0,0.02189465
0,0.00478653
0,0.0948398
0,0.0123387035
0,0.041247938
0,0.004220261
0,0.00039354275
1,0.86503345
0,0.14870147
1,0.65929455
0,0.29634708
0,0.5293068
0,0.8742224
0,0.0012581552
0,0.48791555
1,0.76270306
1,0.22340554
0,0.60591483
0,0.32854757
0,0.066731654
1,0.15371323
0,0.009207491
0,0.012142353
0,0.017689724
0,0.8055159
0,0.0007940598
0,0.05012141
0,0.57779175
0,0.31796098
0,0.5517559
0,0.93340844
0,0.035948735
0,0.013219911
0,0.09657802
0,0.7462987
0,0.02510194
0,0.365592
0,0.27067876
0,0.81694883
0,0.0036987418
1,0.87199837
0,0.005387398
1,0.83169377
0,0.0789466
0,0.0040752958
0,0.007313024
0,0.0061627943
0,0.055908304
0,0.1742668
0,0.06675042
1,0.8958614
1,0.91868204
0,0.28534448
0,0.032707572
0,0.040508885
0,0.0048445957
0,0.0012948427
0,0.0033701533
0,0.016077494
0,0.5536455
0,0.23717703
0,0.28447077
0,0.15222095
0,0.60189
0,0.003623317
0,0.010310714
0,0.82143134
0,0.011337231
0,0.01199611
1,0.8020296
0,0.90191394
0,0.0056759925
0,0.00014546963
0,0.005333278
0,0.010256339
0,0.009640611
1,0.70186514
0,0.08696327
0,0.06013774
1,0.5687773
0,0.059927355
0,0.25952342
0,0.033154197
0,0.0122370375
0,0.014578187
0,0.68216264
0,0.007928008
0,0.3856895
1,0.9087764
0,0.025633512
0,0.00022533855
0,0.020296646
1,0.16434194
0,0.04496423
1,0.94905144
0,0.03295971
0,0.9375403
0,0.0065179775
0,0.97431785
0,0.0036855652
0,0.00014619034
0,0.33374774
0,0.0014849118
1,0.87381536
0,0.05420439
0,0.8710533
0,0.38271102
0,0.07474427
0,0.75484216
0,0.0123545425
0,0.13193235
0,0.005902095
0,0.09582148
0,0.5652484
1,0.9619114
1,0.7964109
0,0.88434273
1,0.9535268
0,0.21018623
0,0.02680438
1,0.9354202
0,0.005177431
0,0.66756177
0,0.06897478
0,0.774315
1,0.934719
0,0.03089872
0,0.00094374194
0,0.77025795
0,0.065572836
0,0.037978917
0,0.0056279725
0,0.70133007
1,0.8589763
0,0.72686
1,0.3407315
0,0.016376674
0,0.042178866
0,0.008202071
0,0.090082325
0,0.01682437
0,0.12841113
0,0.36627597
0,0.014216538
0,0.0034665915
0,0.011012273
0,0.008157444
0,0.0006247504
0,0.010308801
0,0.00051198475
0,0.39298922
0,0.8277753
0,0.0030098972
0,0.8670446
0,0.0022253331
0,0.008882905
0,0.016461419
1,0.47104162
0,0.1325837
0,0.63139766
0,0.008274908
0,0.00094095053
0,0.0026227604
1,0.5697864
0,0.0036444005
0,0.8067193
1,0.5639012
0,0.0042178626
0,0.0046717455
0,0.00050314824
1,0.92034036
0,0.15852265
0,0.44315067
0,0.01435421
0,0.03920917
0,0.0045953398
0,0.0003050786
0,0.39679363
0,0.00094468886
0,0.13688743
0,0.21085334
1,0.98303235
0,0.10109978
0,0.0670529
0,0.05065259
0,0.4029486
0,0.061197553
0,0.9901992
0,0.98942065
0,0.88721836
0,0.0009286273
0,6.791594e-05
0,0.035824496
0,0.081871495
0,0.0048376834
0,0.028029257
0,0.09996348
1,0.91524863
0,0.0019708946
0,0.0060193776
0,0.017767372
0,0.005081052
0,0.1381805
0,0.10014611
1,0.36386552
0,0.15376604
1,0.65633476
0,0.50363237
0,0.003970838
0,0.04566364
0,0.005938769
0,0.035137117
0,0.83576643
0,0.0009653893
1,0.90076876
0,0.0027638634
0,0.19342257
0,0.40001687
0,0.013402916
0,0.8369304
0,0.7439228
0,0.6386677
0,0.06530605
0,0.0015013409
0,0.05938786
0,0.019055285
1,0.8967982
0,0.3065371
0,0.0014489162
0,0.014715956
0,0.0050862394
1,0.7038305
0,0.0003384442
0,0.032674942
1,0.62466156
0,0.01779422
0,0.00045314812
0,0.03276652
1,0.9710778
0,0.12273897
1,0.9313387
0,0.6294231
0,0.030975355
0,0.048630577
0,0.014676421
0,0.01407491
0,0.61182857
0,0.018079432
1,0.6431665
0,0.016357275
0,0.023213726
0,0.073342
0,0.036661826
0,0.17411347
0,0.017663144
1,0.7931953
0,0.7132721
0,0.37053156
0,0.2294594
0,0.3211073
0,0.00027238618
0,0.75724405
0,0.029524447
0,0.025607377
0,0.0024975296
0,0.0015141361
1,0.9812087
0,0.004681896
0,0.02772833
0,0.0014476632
0,0.06556435
0,0.005872973
0,0.00014885806
0,0.05896305
0,0.0617857
0,0.0008761399
0,0.3160341
0,0.045841273
0,0.010728041
0,0.94094706
0,0.37800983
0,0.0119277835
0,0.06080588
0,0.026279157
1,0.91039085
0,0.00091499585
0,0.7423541
1,0.43159783
0,0.010759583
0,0.27528974
0,0.03983761
0,0.322208
1,0.815748
0,0.0019912082
0,0.04193267
0,0.050405946
0,0.066387504
0,0.08024946
0,0.20614538
0,0.4601068
0,0.429097
0,0.002696184
0,0.014714835
0,0.046505213
0,0.05216565
0,0.0077278744
0,0.13664737
0,0.013883219
0,0.008818037
0,0.009770696
0,0.2423276
0,0.050675694
0,0.07075581
0,0.015904808
0,0.085712865
0,0.032681346
0,0.1390856
0,0.19983092
0,0.0021422063
0,0.42961767
0,0.017888747
0,0.001940893
0,0.04088042
0,0.92288923
0,0.009679646
0,0.0065042363
0,0.0033322303
0,0.44919303
0,0.008633335
0,0.5341521
0,0.027111147
0,0.035685837
0,0.5323837
0,0.23733363
1,0.37239578
0,0.16097926
0,0.11850975
0,0.10678932
0,0.1448304
0,0.008367715
0,0.19394644
0,0.06220308
0,0.03429814
0,0.67223537
0,0.0038021998
0,0.026218267
0,0.036587927
0,0.92248744
0,0.080328494
0,0.17656524
0,0.011160515
0,0.21777976
0,0.044724684
0,0.026916225
0,0.30937728
1,0.81761444
0,0.20267916
0,0.043329325
0,0.0084291985
0,0.54027975
0,0.08584938
0,0.003908457
0,0.18249334
0,0.0056730756
0,0.019798072
0,0.38020578
0,0.0041285655
0,0.035405524
1,0.942246
0,0.70162076
0,0.02235469
0,0.019648077
0,0.16205029
0,0.0062070102
0,0.039581317
0,0.0054467325
0,0.29564175
0,0.00666428
0,0.7365373
1,0.5152889
0,0.032116134
0,0.0055046594
0,0.0024106347
0,0.7624884
0,0.053065453
0,0.7508487
0,0.008399214
0,0.67721343
0,0.13793063
0,0.7035197
0,0.14527695
0,0.81359065
0,0.0025755125
0,0.877631
0,0.8752568
0,0.05162417
0,0.050583113
0,0.15562806
0,0.18237092
0,0.10378423
0,0.3684653
1,0.8696033
0,0.8890515
0,0.002325113
0,0.047655728
0,0.877236
0,0.013101545
0,0.018691301
0,0.012745602
0,0.16118596
0,0.18777838
0,0.034135114
0,0.10845899
0,0.22403005
0,0.6560926
0,0.21221179
0,0.0031205232
0,0.21865222
0,0.051728085
0,0.005964754
0,0.18976526
1,0.9510918
0,0.16503419
0,0.02987346
1,0.6613001
0,0.008789929
1,0.79788077
0,0.13873331
0,0.011413431
0,0.09627898
0,0.16319802
0,0.122095056
0,0.015036131
0,0.04426488
0,0.02550094
0,0.007559008
0,0.019164799
0,0.6916864
0,0.15793405
1,0.32523796
1,0.48114914
0,0.06601371
0,0.0061890385
1,0.99213564
0,0.9219134
1,0.11906176
0,0.030917438
1,0.86190856
0,0.0019810947
0,0.00215896
0,0.0050441576
0,0.0031826666
0,0.44433042
0,0.028660627
0,0.77530724
0,0.45329252
0,0.038545363
0,0.051914047
0,0.012490065
0,0.0013866355
0,0.0071613374
0,0.005941162
1,0.8534054
0,0.08211969
0,0.0060980646
0,0.037276313
0,0.2422553
0,0.023801334
0,0.013719125
0,0.112887055
0,0.88820285
0,0.009757823
0,0.5519735
0,0.07723033
1,0.91330165
1,0.7591093
1,0.944579
0,0.27061573
0,0.44781116
0,0.02473362
0,0.0068554487
1,0.0017111477
0,0.044213045
0,0.09267272
1,0.3787387
0,0.1788628
0,0.05748951
0,0.30198246
0,0.0042645135
0,0.00024533417
0,0.0075868894
0,0.18625097
0,0.02466781
0,0.04228357
0,0.00082736294
0,0.09869893
0,0.021233533
0,0.0013748581
1,0.69140625
0,0.0031135327
0,0.31077674
0,0.13110252
0,0.0015736372
0,0.70828533
0,0.064736575
0,0.52069986
0,0.41710317
0,0.02898277
0,0.018503143
1,0.7573927
0,0.00056690676
0,0.6789338
0,0.062847584
0,0.05029575
0,0.010215652
0,0.32830554
0,0.09001165
1,0.84157085
1,0.002620896
0,0.3027569
0,0.038764704
0,0.108321875
0,0.005747175
0,0.11793934
1,0.8420123
1,0.84554535
0,0.026893424
0,0.008429186
0,0.010097385
0,0.010265235
0,0.0007060065
0,0.0035509327
0,0.024026625
0,0.9138449
0,0.0020737208
0,0.012034851
0,0.4047263
0,0.010104882
0,0.083457746
0,0.055350546
0,0.4072977
0,0.035311542
0,0.009345709
1,0.82649684
0,0.8710652
0,0.057276912
0,0.08278704
0,0.0015682263
0,0.013110693
0,0.007004077
0,0.21417904
0,0.011019883
0,0.0030461461
0,0.5954182
0,0.069905296
1,0.8755987
0,0.00033065164
1,0.80762345
1,0.8815631
0,0.0024685513
0,0.09484679
0,0.9547519
0,0.03480588
0,0.3315623
0,0.024989001
0,0.029472698
0,0.0021247044
0,0.6041963
0,0.43137464
0,0.020978926
0,0.015070737
0,0.012724859
0,0.23156631
0,0.030066347
0,0.04522408
1,0.953586
0,0.6632732
0,0.9390946
0,0.06565114
0,0.01334309
0,0.009292894
0,0.0015647061
0,0.10321762
0,0.8984512
0,0.16486172
0,0.05148558
0,0.057741962
0,0.010137242
1,0.49261612
0,0.0011475213
0,0.21749459
1,0.85790384
0,0.0074560014
0,0.0033930854
0,0.0069327983
1,0.7986216
1,0.8293027
0,0.2791127
0,0.0072819632
0,0.06358105
1,0.9693839
0,0.006189103
1,0.98507464
0,0.017656807
0,0.00019499136
0,0.12589945
0,0.022404084
0,0.018861907
0,0.010484262
0,0.023198405
0,0.0003709893
0,0.09069202
0,0.9549356
0,0.0056122793
0,0.13044491
0,0.29311994
1,0.80791897
0,0.4846385
0,0.020555798
0,0.0049127475
0,0.14323802
0,0.1287001
0,0.013583511
0,0.19883172
0,0.08842359
0,0.022634938
0,0.83527213
0,0.016306845
0,0.0033593038
0,0.52165985
0,0.2504528
0,0.0060044182
1,0.9564028
0,0.073705874
0,0.025999676
1,0.8915025
0,0.19469628
1,0.30279535
0,0.0039912486
0,0.8603283
0,0.0019304878
1,0.8886792
0,0.0074705896
0,0.094790936
0,0.0024087972
0,0.6267065
0,0.2255543
0,0.057461545
0,0.00023458763
0,0.016104044
0,0.042554762
0,0.71177906
0,0.020501703
1,0.8018611
0,0.0117322095
0,0.09696449
0,0.41314244
0,0.0094665075
0,0.8333489
0,0.0025688636
0,0.005093524
0,0.835138
0,0.1044645
0,0.004020471
0,0.0019060167
0,0.008298914
0,0.70374906
0,0.13419138
0,0.00020807207
0,0.2207257
0,0.80431336
1,0.6185641
1,0.79096407
0,0.4713869
0,0.0028506413
1,0.8378768
0,0.021535395
0,0.13539907
0,0.0047322013
0,0.0802249
1,0.97448415
0,0.68451595
0,0.28510135
0,0.7620002
1,0.94741845
0,0.077911034
0,0.077764735
0,0.0015068164
1,0.8980305
0,0.0019839439
0,0.41945165
0,0.031268984
0,0.0016346689
0,0.00014215954
0,0.023043264
0,0.13543259
0,0.056569636
0,0.014077055
0,0.7838716
0,0.03629391
0,0.26239696
0,0.31923914
0,0.039655317
0,0.042901363
0,0.0030341288
0,0.0066524087
0,0.018010702
1,0.8092003
0,0.0068514403
0,0.0017652627
0,0.35626593
0,0.0022506348
0,0.015292769
0,0.0034171734
1,0.20143725
0,0.018695006
0,0.01629264
0,0.010029874
0,0.84596264
0,0.64849067
0,0.04311439
0,0.0069206622
0,0.001421445
0,0.043702558
0,0.0022971358
0,0.053040817
0,0.0008641697
0,0.0018727891
1,0.80221695
0,0.0027271644
0,0.0026510314
0,0.8210734
0,0.00083464675
0,0.7027609
0,0.91611665
0,0.739159
0,0.091875196
0,0.00178729
0,0.012140661
0,0.14998595
0,0.0006208527
0,0.0006631849
1,0.8463177
0,0.075708106
1,0.6151508
1,0.9853241
0,0.57464546
0,0.36698556
0,0.06471114
0,0.019190563
0,0.10299418
0,0.048910834
0,0.0024332334
0,0.0228487
0,0.9123859
0,0.012419147
0,0.00018739031
0,0.024460599
0,0.012665707
0,0.121490836
0,0.020380255
0,0.36697012
0,0.41510844
0,0.021162542
0,0.90797836
0,0.39220598
1,0.8990805
0,0.18623298
0,0.85390145
0,0.0027425012
0,0.0046153693
0,0.0847757
0,0.37767825
1,0.7867476
1,0.95154107
0,0.069484405
0,0.0015085852
0,0.105844945
0,0.0004379243
0,0.009955778
0,0.018816449
0,0.8705101
0,0.0080145635
0,0.22889964
0,0.0066337087
0,0.013098482
0,0.45112354
0,0.0048171924
0,0.14395979
0,0.72094333
0,0.024635823
0,0.0050449786
0,0.59712034
0,0.00082083035
0,0.020456092
0,0.65377456
0,0.0034028583
0,0.19440256
0,0.8461714
0,0.010221806
0,0.0062939986
0,0.0287242
0,0.018451247
0,0.014532397
0,0.002368534
0,0.00010396548
0,0.048950963
0,0.030854257
0,0.879638
0,0.8050194
0,0.34352246
0,0.20864244
0,0.6706982
0,0.38345733
1,0.7893379
0,0.6673096
0,0.047905084
0,0.023479832
0,0.42966413
0,0.71578705
0,0.056091737
0,0.9201861
0,0.38166836
0,0.5588723
0,0.883959
0,0.029070433
0,0.0038823425
0,0.026438246
0,0.2985544
0,0.46185496
0,0.7761754
0,0.021465942
0,0.032383844
0,0.006562483
0,0.007749561
0,0.0016170301
0,0.05474717
0,0.00077927246
0,0.00015291802
0,0.0027888836
0,0.0053636013
1,0.76409525
0,0.65578115
0,0.005516314
0,0.0018146243
0,0.0032323003
1,0.8296227
0,0.035925318
0,0.6383213
1,0.95245796
0,0.2292868
0,0.27704787
0,0.21534953
0,0.8771444
0,0.12329568
0,0.2446246
0,0.052161753
1,0.13266511
0,0.0043860353
0,0.0313773
0,0.04732388
1,0.88822776
0,0.028411
0,0.029170295
0,0.320536
1,0.9589826
0,0.00021026908
0,0.014548809
0,0.26699337
0,0.018624995
0,0.028371822
1,0.26375705
0,0.88214296
0,0.0005006689
0,0.06916215
0,0.041912187
0,0.9584619
0,0.006243525
1,0.88824517
1,0.94975954
0,0.15204483
0,0.0053679403
0,0.015028937
0,0.0026687027
0,0.10481982
0,0.0088207135
0,0.07385565
0,0.032511126
0,0.32083127
0,0.00010540192
0,0.06137073
1,0.52513
0,0.0055966005
0,0.09489794
0,0.081934094
0,0.6279308
0,0.0019728858
0,0.11777091
1,0.695868
1,0.8210121
0,0.88371706
0,0.65633607
0,0.023963965
0,0.4029212
0,0.0004676616
0,0.0033506942
0,0.025948515
0,0.20258643
0,0.876479
0,0.0034383112
1,0.95428926
0,0.53245485
0,0.67775065
0,0.6746439
0,0.094892256
0,0.5681956
1,0.3925991
0,0.09513688
0,0.0016122282
0,0.25568005
0,0.76124614
0,0.0020586937
0,0.0013186466
0,0.0008229841
0,0.2864736
1,0.98472935
0,0.1577008
0,0.0060718767
1,0.818522
0,0.023195622
0,0.05135775
0,0.02290833
1,0.94440484
0,0.66657406
0,0.32765988
0,0.010465105
0,0.02467782
1,0.7503647
0,0.022223251
0,0.007908867
1,0.8045513
0,0.34630194
0,0.034563813
0,0.027548853
0,0.001767374
0,0.004064876
0,0.023573937
0,0.19897969
0,0.0077538895
1,0.96704113
0,0.004182161
0,0.041602984
0,0.4798741
0,0.0127144335
0,0.4196247
0,0.032695852
0,0.93287677
0,0.013570184
0,0.16202372
0,0.04048629
0,0.2589925
0,0.03487589
0,0.77886426
0,0.16597211
0,0.04125865
0,0.026592724
0,0.027008874
0,0.56610143
1,0.5806671
0,0.43756804
0,0.0009161893
0,0.01111319
0,0.10553742
0,0.74060124
0,0.00095767656
0,0.8849279
0,0.08457449
1,0.88734514
0,0.30020046
0,0.0012418595
0,0.00090924965
0,0.0035334276
0,0.004636405
0,0.0018382279
1,0.4192658
0,0.6624261
0,0.00907568
0,0.2845333
0,0.0010730712
0,0.1950208
0,0.09058452
0,0.6627774
0,0.013848239
0,0.030763619
1,0.9158932
0,0.013731526
0,0.02212906
1,0.979833
0,0.09559854
0,0.0023573618
0,0.021521969
0,0.04600871
0,0.058256637
0,0.016599054
0,0.06698525
0,0.16327229
0,0.018547058
0,0.00022958836
0,0.40466693
0,0.023359802
0,0.05022443
0,0.20363894
0,0.0038851427
0,0.0078134565
0,0.04250017
1,0.7270582
0,0.014847076
0,0.8236474
0,0.04470804
0,0.91791594
0,0.004986309
0,0.007013512
0,0.0031304744
0,0.009026287
0,0.06493636
0,0.29947197
0,0.0017733097
0,0.0016701579
0,0.099866584
0,0.010119544
0,0.008527817
0,0.015946995
0,0.022325426
0,0.013186946
0,0.8694356
0,0.020182094
1,0.052477058
1,0.7785004
0,0.1232736
1,0.86505735
0,0.004680334
0,0.00837427
0,0.0109632425
0,0.06946907
0,0.16864482
0,0.8726315
0,0.0044160676
0,0.0004967057
0,0.678597
1,0.70609206
0,0.42858607
0,0.31061843
0,0.06161418
0,0.0009443536
0,0.35794932
0,0.82000977
0,0.9464983
0,0.0014330202
1,0.9150305
0,0.06404981
0,0.0022023492
0,0.18277638
0,0.086022854
0,0.035532694
0,0.025885917
0,0.0028786615
0,0.0023866734
0,0.46244407
0,0.22248787
0,0.00924682
1,0.26109233
0,0.3281398
1,0.9344799
1,0.2425263
0,0.04006157
0,0.5205102
0,0.040104665
0,0.009786441
0,0.017394822
0,0.74791855
0,0.016199542
0,0.20250955
0,0.014672966
0,0.20245172
0,0.0055141957
1,0.93155295
0,0.110369205
0,0.011861467
0,0.5644157
0,0.029114395
0,0.008971321
0,0.5212215
0,0.08455714
0,0.5113663
0,0.021643693
0,0.46592277
0,0.2824124
0,0.002166203
0,0.037079692
0,0.022664092
0,0.0033502944
0,0.0038855043
0,0.041779313
0,0.0061026937
0,0.0027388597
0,0.023878112
0,0.24597184
0,0.0010019132
1,0.87033886
0,0.00017907866
0,0.6560775
0,0.008322325
0,0.0016404549
0,0.42626378
0,0.018378634
0,0.49286127
0,0.073489964
0,0.157722
0,0.11334226
0,0.022668872
0,0.761007
0,0.0035794778
1,0.7804274
0,0.0050121625
1,0.92397416
0,0.051531952
0,0.4276313
0,0.019824916
0,0.0019212442
0,0.030921696
0,0.2792922
0,0.10428428
0,0.01800006
0,0.0020417522
0,0.013048095
0,0.42418882
0,0.06282091
0,0.18258397
1,0.7725922
0,0.24293832
0,0.00042993246
0,0.007007686
0,0.048915155
0,0.026211023
0,0.01882182
0,0.58693486
0,0.0050572264
0,0.0674511
0,0.022526702
0,0.053686254
0,0.0057908115
0,0.015448735
0,0.0012191562
0,0.03663367
0,0.060851783
0,0.009963489
0,0.001396062
1,0.14824724
0,0.032405265
0,0.030999184
0,0.006647555
0,0.6263069
0,0.0020431674
0,0.00437509
0,0.8889407
1,0.9806983
0,0.2315957
0,0.08252274
0,0.0028826771
1,0.4747089
0,0.93255603
0,0.49795598
0,0.00081028044
0,0.18861136
0,0.0132282665
0,0.014384756
0,0.10807727
0,0.009403999
0,0.011739925
0,0.2774666
0,0.010853699
0,0.049876954
0,0.02151456
0,0.85594153
0,0.0051010693
0,0.31061843
0,0.8434201
1,0.982885
0,0.10126867
0,0.021078952
1,0.6555777
0,0.035366423
0,0.010051799
0,0.9486023
0,0.04864067
0,0.18557143
0,0.018387092
0,0.003003272
0,0.4101845
0,0.042327452
0,0.68749267
0,0.5298467
0,0.011664215
1,0.733235
0,0.65725464
0,0.0074832547
0,0.0040137707
0,0.2730591
0,0.1685413
0,0.0028048973
0,0.0065735565
0,0.012426693
0,0.3257471
0,0.003283718
1,0.9861812
0,0.00086043734
0,0.0074090185
0,0.00759499
0,0.130002
0,0.00031134134
0,0.010851171
0,0.038749397
0,0.010661933
1,0.7747415
0,0.03174043
1,0.9051042
0,0.0045848214
0,0.005157306
0,0.045486495
0,0.016093064
0,0.024238948
1,0.72960633
0,0.047358256
0,0.018336315
0,0.7193073
0,0.92138433
0,0.005189353
0,0.0036650558
0,0.012722242
0,0.31376988
0,0.80322945
0,0.0353685
0,0.36479628
1,0.35448506
0,0.6211179
0,0.004973113
0,0.002652758
1,0.95177525
0,0.025306495
1,0.9439235
0,0.06606528
0,0.03250312
0,0.7281913
0,0.0051015266
0,0.01543786
0,0.029620862
0,0.014843539
0,0.844715
0,0.027902365
0,0.89153844
0,0.5927169
0,0.0063124322
0,0.28623912
0,0.02426848
0,0.109241985
0,0.31094652
0,0.0060108476
0,0.00095326465
1,0.96444494
0,0.5627902
1,0.9913318
0,0.0019984771
0,0.0008231182
0,0.03313504
0,0.6612744
1,0.93195325
0,0.017713187
0,0.07311606
0,0.00028791718
0,0.08746761
0,0.20671791
0,0.0039421683
0,0.00065418606
1,0.8306078
0,0.7645463
0,0.00043377103
0,0.0062364023
1,0.51195025
0,0.40760434
0,0.343979
0,0.030370802
0,0.3707168
0,0.034206763
0,0.03653923
0,0.0003805397
1,0.7613032
0,0.0007448817
0,0.017436666
0,0.2148473
1,0.94277805
0,0.5193637
0,0.21696603
0,0.011584694
0,0.15756883
0,0.0062188404
0,0.00740293
0,0.0131767485
0,0.3190198
1,0.9822869
0,0.002797711
0,0.26045114
0,0.0040556937
0,0.030098397
0,0.025485497
0,0.00095256336
0,0.73191506
0,0.023949794
0,0.41629562
0,0.26387107
0,0.21046199
0,0.0069200234
0,0.071609885
0,0.0046742028
0,0.14213644
0,0.9123296
0,0.009259173
0,0.8310386
0,0.0088774115
1,0.9161086
1,0.9022695
0,0.9447835
0,0.46028784
0,0.0035497637
1,0.9798851
0,0.0010314422
0,0.7858652
0,0.9640755
0,0.01106551
0,0.52114165
0,0.117607184
0,0.0010032237
1,0.7694198
0,0.030549774
0,0.0010838154
0,0.13930207
0,0.026406001
1,0.8937719
1,0.86664176
0,0.021241825
1,0.99203354
0,0.00019326826
0,0.06927602
0,0.2561814
0,0.0033028615
1,0.9290566
0,0.5944364
1,0.69406575
0,0.0024136398
0,0.3310934
0,0.010079281
0,0.004113651
0,0.37472323
0,0.58418274
1,0.8751742
0,0.8513029
0,0.0015853243
0,0.80746746
0,0.030239634
0,0.18057752
0,0.594489
0,0.91079545
0,0.5090728
0,0.09099298
1,0.7025351
0,0.2499264
0,0.007773449
0,0.26510587
0,0.95920044
1,0.3058395
1,0.41254482
0,0.00057962193
0,0.16736402
0,0.012635588
0,0.53745574
0,0.24122703
0,0.006029795
0,0.040614326
0,0.13837735
0,0.6163371
1,0.94810677
0,0.0035958316
1,0.5321489
0,0.8083165
0,0.02426948
0,0.44054946
0,0.029966934
0,0.0053734677
0,0.023262063
1,0.73499405
0,0.014992501
0,0.22271082
0,0.0009210127
0,0.96170187
0,0.55989975
1,0.7913372
0,0.009849243
0,0.008888961
0,0.11143643
0,0.5395838
0,0.012137058
0,0.13415998
0,0.010486433
0,0.61533135
0,0.00072379556
0,0.046941567
0,0.035633143
0,0.0015067504
0,0.022008091
0,0.001959482
0,0.0075801783
0,0.20179754
0,0.11749691
0,0.012279352
0,0.111333825
0,0.004845145
1,0.8746925
1,0.958355
0,0.1699659
0,0.005426992
0,0.041296322
0,0.0046474077
0,0.7758128
0,0.14293647
0,0.00172462
1,0.5762272
0,0.004729929
0,0.066200346
0,0.034213398
0,0.04404115
0,0.0835089
0,0.0068747764
0,0.111657
0,0.98097503
1,0.85455686
0,0.4243828
0,0.0055017574
0,0.09439094
0,0.0023228189
0,0.001195253
0,0.004082525
0,0.692379
0,0.0019744036
0,0.011173051
1,0.69932616
0,0.00020353815
0,0.40716946
0,0.29428792
0,0.7224719
0,0.8872592
0,0.003269848
0,0.008150854
0,0.53443867
0,0.7846087
0,0.026641337
0,0.0010817755
1,0.8995865
0,0.40808246
0,0.049830683
0,0.1672788
0,0.74366194
0,0.27691182
0,0.024998764
0,0.6229284
0,0.002792901
1,0.9214332
1,0.8036886
0,0.6422574
0,0.61379385
0,0.0044405647
0,0.023138184
0,0.0070462483
0,0.93958265
0,0.34519607
1,0.97985804
0,0.09263985
0,0.7459553
0,0.0039482205
0,0.0023613968
0,0.7267899
0,0.05895024
0,0.7258269
0,0.0024589344
0,0.00707679
0,0.44434392
1,0.42333537
0,0.918832
0,0.001733513
0,0.058797505
0,0.022291215
1,0.91968393
0,0.017117964
1,0.6424264
0,0.041336555
1,0.91037047
0,0.02649492
0,0.01246291
1,0.9881854
0,0.047131397
0,0.012149716
1,0.71552664
0,0.05707799
0,0.015125642
0,0.0032506199
0,0.85559416
0,0.36949465
1,0.83600795
0,0.003619788
0,0.0010221121
0,0.02801129
1,0.8982195
0,0.009098513
0,0.00091302686
0,0.87383324
0,0.024387922
0,0.0012873337
0,0.00039528758
0,0.003092694
0,0.31595403
0,0.04323528
0,0.019620689
0,0.0006153449
0,0.019436238
1,0.97409433
0,0.062291797
0,0.118930556
0,0.9418907
0,0.6181483
0,0.01652923
1,0.8542831
0,0.06490088
0,0.018806653
0,0.04666859
0,0.036674056
0,0.0032111607
0,0.0037063353
0,0.0964424
0,0.0006486004
0,0.039801702
1,0.95665157
0,0.02229694
0,0.23229723
0,0.8508073
0,0.014624091
0,0.05106938
0,0.040254842
0,0.9063778
0,0.0026502372
0,0.11844249
0,0.96648717
0,0.05219209
0,0.2231421
0,0.001802878
0,0.003146377
0,0.019497205
0,0.0016501513
0,0.0012196127
0,0.00029794313
0,0.8368567
0,0.79904336
0,0.0040911906
0,0.1832531
0,0.0014058782
0,0.0018225732
0,0.0007096525
0,0.020594658
0,0.015194843
0,0.00034361743
0,0.016676797
0,0.15979142
0,0.87312794
0,0.0055572987
0,0.8915422
0,0.025560617
0,0.0034896866
0,0.7228223
0,0.2401832
0,0.2994744
0,0.7108372
0,0.56880957
0,0.12669486
0,0.055165436
0,0.005164974
0,0.13155842
0,0.004544638
0,0.0068855346
0,0.82447964
0,0.123137616
0,0.0023443834
0,0.0025489817
1,0.85893935
0,0.026955256
0,0.64528674
0,0.14321879
0,0.27995133
0,0.037350632
0,0.16352521
0,0.005162351
1,0.8379
0,0.13140489
0,0.003078096
0,0.0052220924
0,0.0013046365
0,0.25378373
0,0.15690756
1,0.95054716
0,0.00550098
0,0.0491108
0,0.6927149
0,0.04223102
1,0.8874016
0,0.0021409714
0,0.2249495
0,0.4786459
0,0.09394946
1,0.9212099
0,0.023092678
1,0.89697134
0,0.0008300253
0,0.08231307
0,0.048596777
0,0.008658467
0,0.0046999045
0,0.09425707
0,0.34672982
0,0.03519605
0,0.0015753801
0,0.18246236
0,0.082538575
0,0.11058125
0,0.062605396
1,0.99101627
1,0.35729653
0,0.2797385
0,0.0010177254
0,0.060813356
1,0.67649794
0,0.86513746
0,0.12046904
0,0.04682595
0,0.005317027
1,0.7963304
0,0.087358005
0,0.013435723
0,0.21021962
0,0.16109219
0,0.0026376545
1,0.9260743
0,0.020481844
1,0.64745516
0,0.8334451
1,0.56784606
0,0.3048146
1,0.8740034
0,0.13093413
0,0.07078863
0,0.0014443011
0,0.009767679
0,0.04688337
0,0.23289439
0,0.8886825
0,0.051534373
0,0.029854523
0,0.84366596
0,0.0008962239
0,0.38732025
0,0.010344079
1,0.69453394
0,0.046176568
0,0.009975867
0,0.00988007
1,0.7512151
1,0.86485285
0,0.0007284071
0,0.068245225
0,0.5345689
1,0.83706546
1,0.9090261
0,0.01763929
0,0.42097983
0,0.007259299
0,0.0020948919
0,0.007719911
0,0.0015499457
0,0.08211392
0,0.7330289
0,0.054238
0,0.010369135
0,0.006709619
0,0.0019340282
0,0.9372103
0,0.6123398
0,0.017091028
0,0.021268375
0,0.00024819555
0,0.000884394
1,0.93043876
0,0.021610005
0,0.036440857
1,0.8262046
0,0.016512465
1,0.25194365
0,0.0022403446
1,0.7201219
0,0.04650687
1,0.85925144
0,0.5999637
0,0.021958476
1,0.9642362
0,0.1266315
0,0.0029107926
0,0.0014176806
0,0.018998498
0,0.57058257
0,0.009392878
0,0.046501912
0,0.012620463
0,0.030768197
0,0.04917848
0,0.28371266
0,0.08847918
1,0.59101874
0,0.027578318
0,0.042831644
0,0.13707744
0,0.24842963
0,0.1305656
0,0.012411499
0,0.21676518
0,0.2115515
0,0.0030073326
0,0.8580006
0,0.70502716
0,0.021689
1,0.9865969
0,0.8556842
0,0.0048474884
0,0.013513116
0,0.64815015
0,0.026027
0,0.008713172
0,0.0037280915
0,0.01581972
1,0.77164716
1,0.90887654
0,0.63060826
1,0.9449013
0,0.011575104
1,0.9127378
1,0.9675377
0,0.038461387
0,0.0041444385
0,0.40864152
0,0.0070681777
0,0.03530691
0,0.00544073
0,0.0057078823
0,0.0139625175
0,0.0005886321
0,0.00195801
0,0.65180343
0,0.74305207
0,0.053040303
0,0.0014199087
0,0.010141381
0,0.018860772
1,0.96056813
0,0.7992729
0,0.74154854
0,0.18554045
0,0.0043752417
0,0.0077694966
0,0.0008380361
0,0.02776882
0,0.37042764
0,0.03667746
0,0.010896272
0,0.10065054
0,0.00886408
0,0.9278566
1,0.86242706
0,0.4718877
0,0.0049275584
0,0.0010579666
0,0.010999458
0,0.002038951
1,0.97234976
0,0.4763138
0,0.14406668
0,0.35218793
1,0.88074803
0,0.008405125
0,0.12552184
0,0.23058261
0,0.006671073
0,0.008495479
0,0.106170215
0,0.25029194
0,0.042961854
0,0.8187848
0,0.17638455
0,0.12035452
0,0.035930198
0,0.0020719564
0,0.035755996
0,0.0069715357
0,0.5454201
0,0.020683706
0,0.106512606
0,0.009853507
0,0.011671758
0,0.3016085
0,0.23462377
0,8.779729e-05
0,0.039192617
0,0.07693002
0,0.020195134
0,0.0010186324
0,0.0024123117
0,0.12394999
0,0.20485434
0,0.24901955
0,0.0023892554
0,0.023011083
0,0.2585969
0,0.00036889597
1,0.87686473
0,0.0038618061
0,0.028570807
0,0.35170692
0,0.19597583
0,0.025106536
0,0.02005311
0,0.1607407
0,0.082609594
0,0.65530586
0,0.018998649
0,0.004227607
0,0.019144012
0,0.25124028
0,0.08913438
1,0.79239756
0,0.044269733
1,0.6747053
0,0.00042799296
0,0.62849706
1,0.82631415
0,0.042761285
0,0.8276811
0,0.008115235
0,0.0023063505
1,0.6355769
0,0.00083582423
0,0.02649473
0,0.008079972
0,0.08684652
1,0.9049519
1,0.1653499
0,0.09232828
0,0.08269667
0,0.01474841
0,0.10633633
0,0.0054579545
0,0.020503685
0,0.008259395
0,0.0102285445
0,0.0047121327
0,0.8532151
0,0.10606336
1,0.974584
0,0.017191399
1,0.8629996
0,0.04530345
0,0.039825007
0,0.11612658
0,0.0007764299
1,0.9503238
0,0.57181954
0,0.0015543264
0,0.16751747
1,0.6520919
1,0.6761124
0,0.918906
0,0.87867516
0,0.08969603
0,0.011432062
1,0.66031694
0,0.00089735
0,0.23128082
1,0.26867095
1,0.16484523
0,0.00020375154
0,0.32332602
0,0.0019020014
0,0.002572019
1,0.8062104
0,0.011831715
0,0.0655218
0,0.037347976
0,0.093704365
0,0.02821505
1,0.92113227
0,0.0050275815
0,0.06819217
0,0.007844343
0,0.0046331603
0,0.8488234
0,0.09890051
0,0.010956522
0,0.6240296
0,0.34048676
0,0.03291578
0,0.013491763
0,0.98111856
1,0.758085
0,0.017278196
0,0.2096697
0,0.39542514
0,0.00023776422
0,0.014315053
0,0.3557751
0,0.02622042
0,0.19834575
0,0.75296587
0,0.263662
0,0.0008972218
1,0.5194334
0,0.0016644456
0,0.028375885
1,0.96235126
0,0.23113346
0,0.2057168
0,0.002291411
0,0.06406564
0,0.023425102
0,0.602697
0,0.1722922
0,0.302976
0,0.06891447
1,0.8911598
0,0.25955212
0,0.00028642477
0,0.0050902874
0,0.43295
0,0.0034094623
0,0.0019262386
0,0.0016543777
0,0.95198625
1,0.8028954
0,0.32878095
1,0.6271016
0,0.061147306
0,0.00019663399
0,0.01130153
0,0.8765589
0,0.0056069065
0,0.28812698
0,0.027505815
0,0.27205595
0,0.434453
0,0.26294386
0,0.22448222
0,0.08660694
0,0.007996399
1,0.8430179
0,0.031837855
0,0.036350816
0,0.016272917
0,0.009095543
0,0.20709012
0,0.0327864
0,0.018563567
0,0.7532755
0,0.55803347
0,0.12145616
0,0.9412617
0,0.0001373811
0,0.93764603
0,0.00085558504
0,0.95458376
0,0.04717882
0,0.00019385923
0,0.008349081
0,0.012521197
1,0.83218503
0,0.15519226
1,0.93196523
0,0.0059132464
1,0.8313234
0,0.14440285
0,0.001869575
0,0.023415534
0,0.015032967
0,0.5510999
0,0.11788873
0,0.008335971
0,0.03289426
0,0.008878251
0,0.024306126
0,0.0025787188
0,0.085045785
0,0.90459627
0,0.025816834
0,0.01821154
0,0.08585722
0,0.00022848816
0,0.0669559
0,0.7474194
0,0.713275
0,0.006216339
0,0.96020234
0,0.060843922
0,0.6005266
0,0.03801861
0,0.04161782
0,0.4107188
0,0.10199936
0,0.012137058
1,0.9894874
0,0.4083625
0,0.48014635
0,0.009679998
0,0.001882606
0,0.00069228135
0,0.5819206
0,0.44978312
1,0.70321
0,0.22530583
1,0.68907017
0,0.010946879
0,0.11285614
1,0.95060575
0,0.0057835714
0,0.050669823
0,0.16784933
0,0.50766844
0,0.0060960623
0,0.839253
0,0.068550944
0,0.4826804
1,0.7554578
0,0.17088526
0,0.0015529372
0,0.1138541
1,0.93977225
0,0.07296167
0,0.012323493
0,0.30589554
0,0.006896454
0,0.026395481
0,0.00015554999
0,0.0004778361
0,0.729287
0,0.2877404
0,0.004503587
0,0.039007965
0,0.03729368
0,0.020137269
0,0.6988344
0,0.0104537
0,0.054098696
0,0.0013315292
0,0.6166624
0,0.5353936
0,0.005809526
0,0.0116609
0,0.9442826
0,0.09501965
1,0.9568327
0,0.2754217
0,0.073376864
0,0.04128718
0,0.0006277592
0,0.0044656466
0,0.024432529
1,0.91719353
0,0.0002451291
0,0.08173329
1,0.8871745
0,0.04382396
0,0.31075743
0,0.0074009085
0,0.022626543
0,0.30022916
0,0.052349407
0,0.00041675087
0,0.37817186
0,0.019245623
1,0.88396037
0,0.9199866
1,0.6945025
0,0.0008406322
0,0.15825689
0,0.03680021
0,0.08580994
0,0.93658364
0,0.95396423
0,0.010121125
0,0.20228596
0,0.23551364
0,0.0008801457
0,0.0789344
0,0.076930135
0,0.08892812
0,0.0010266966
0,0.0046445876
0,0.032934546
0,0.001663769
0,0.0012364374
0,0.037495103
1,0.9577526
0,0.0009365317
0,0.19328186
0,0.5323039
0,0.0018872846
0,0.024591222
0,0.28607094
0,0.099007286
0,0.050603624
0,0.010148512
1,0.91894555
1,0.73900276
0,0.00930304
0,0.00097169186
0,0.6525777
0,0.013905896
0,0.06554868
0,0.0015289095
1,0.8949599
0,0.013542197
0,0.02283305
0,0.0007068982
0,0.05491447
1,0.79687625
0,0.30903617
1,0.90457255
0,0.087456346
0,0.029699251
0,0.018579166
0,0.07936457
0,0.017196136
0,0.009675647
0,0.29905626
0,0.019068548
0,0.08359103
0,0.009029901
0,0.8507946
0,0.044984903
0,0.03338812
1,0.7970863
0,0.0026840894
0,0.08700068
1,0.010096704
1,0.9150365
0,0.2740417
0,0.0031345065
1,0.5134496
0,0.009011217
0,0.3046609
0,0.070106916
0,0.15477353
0,0.7466716
0,0.0139383
0,0.0040144436
1,0.8118173
1,0.071625754
0,0.051619235
0,0.0064239013
1,0.94222635
0,0.029060375
0,0.16929096
0,0.6175104
0,0.01222862
0,0.0023825748
0,0.114457905
0,0.042117294
0,0.026297592
0,0.050826047
0,0.004383962
0,0.07170041
0,0.1883508
0,0.5031714
0,0.005670362
0,0.003672645
0,0.30609596
0,0.0060398798
0,0.08443757
0,0.052073933
0,0.23508649
0,0.029580845
0,0.00079389784
0,0.13357458
0,0.1040342
1,0.79889685
0,0.0032513584
0,0.006056087
1,0.8552653
0,0.046263427
1,0.8983079
0,0.00452249
0,0.008414036
0,0.031229071
0,0.0009924273
0,0.95866007
0,0.071528584
0,0.044921953
0,0.011542269
0,0.04977047
0,0.003837054
0,0.34877014
0,0.030291108
0,0.38522342
1,0.9504185
0,0.40042165
0,0.028542029
0,0.03476128
0,0.054283924
0,0.44314888
0,0.37927565
0,0.005406185
0,0.2886482
0,0.028200468
0,0.54469854
0,0.0021004134
0,0.17566846
0,0.23470683
1,0.9708567
1,0.71601313
0,0.005057138
1,0.29541877
0,0.009789883
0,0.07397642
0,0.007678163
1,0.97808456
0,0.0018221429
0,0.16209652
0,0.039911177
0,0.00045925446
0,0.059714876
0,0.034901936
0,0.006496559
0,0.008199109
0,0.13528785
0,0.122341685
0,0.0030579884
0,0.13224901
0,0.08499424
0,0.040548854
0,0.63606334
0,0.39406195
0,0.32743108
0,0.055181704
0,0.4151765
0,0.00041268952
1,0.8757229
0,0.13022031
1,0.83165836
0,0.0096193
0,0.0008566525
1,0.81819975
0,0.8217525
1,0.9510004
0,0.0031591076
1,0.72016126
0,0.25638148
0,0.6378669
0,0.0021839277
0,0.00061637675
0,0.040307343
0,0.0021488932
0,0.05638567
0,0.055404387
0,0.0057342686
0,0.016462786
0,0.0065461327
0,0.68060386
0,0.04295766
0,0.66600865
0,0.00012347756
0,0.00017546512
0,0.0012147195
0,0.046392243
0,0.0042265235
0,0.22985147
0,0.014120661
0,0.002727704
1,0.7494344
0,0.029714487
0,0.058098488
0,0.002712197
0,0.040886153
0,0.8000275
0,0.26181525
0,0.54686344
0,0.0086266855
1,0.835825
1,0.8777494
0,0.25605914
0,0.5907592
0,0.6788223
0,0.23240288
0,0.8114516
0,0.300213
0,0.0002362207
0,0.03170342
0,0.0061948686
0,0.011198245
0,0.0063717104
0,0.02412693
0,9.543804e-05
0,0.045998484
0,0.11648023
0,0.023787834
0,0.92549604
0,0.0055597606
0,0.1906323
1,0.7905101
1,0.3014718
0,0.00957218
1,0.61927515
0,0.15938562
0,0.014100786
0,0.06609399
0,0.06971417
0,0.252741
0,0.16496235
0,0.17584471
0,0.65743995
1,0.061921824
0,0.06863248
0,0.011573004
0,0.023979656
0,0.46695358
0,0.002322198
0,0.0011468962
0,0.025936881
0,0.8004335
0,0.20886949
1,0.76254714
0,0.008653769
0,0.0024763637
0,0.0013791169
0,0.0006504525
1,0.9712696
0,0.9373969
0,0.013602813
1,0.9125978
0,0.0024170028
0,0.005383727
0,0.041230395
0,0.016908318
0,0.6047685
0,0.49781194
0,0.004508594
0,0.6462287
0,0.00682117
0,0.00020052369
0,0.0035958316
0,0.02951742
0,0.24694566
0,0.004665406
0,0.0042359456
0,0.13057597
0,0.4496664
0,0.01541774
0,0.016417272
0,0.01152909
0,0.04586202
0,0.013254278
0,0.99195224
0,0.27759486
0,0.0002377978
0,0.05529233
0,0.0074761077
0,0.20696487
0,0.06949381
0,0.67747355
0,0.33282968
0,0.030665295
0,0.057897586
0,0.013654151
0,0.8855504
0,0.00024819555
0,0.30354336
0,0.015609234
0,0.00733774
0,0.006298954
0,0.72266513
0,0.0045127007
0,0.0056163576
0,0.028937213
0,0.04360781
0,0.13605092
0,0.093033426
0,0.053876996
0,0.23057292
0,0.46836886
0,0.6792511
0,0.1929503
0,0.17472854
0,0.022301834
1,0.31644565
0,0.0019471602
0,0.3709413
0,0.022221714
1,0.8368224
0,0.0023570142
0,0.04549823
0,0.03187097
0,0.018524626
0,0.00087329233
0,0.09028944
0,0.11537449
0,0.039303325
0,0.0009000264
0,0.37317052
0,0.90954846
0,0.002704904
0,0.0038964937
0,0.4277128
0,0.06944774
0,0.006499317
0,0.32668293
0,0.0005856856
0,0.3890493
0,0.10141858
0,0.0245069
0,0.044573862
0,0.008918862
0,0.5172138
0,0.5654364
0,0.040284593
0,0.053431407
0,0.0017691877
0,0.18931952
0,0.0023101687
0,0.0019538612
0,0.016919497
0,0.12152312
0,0.9253606
0,0.0009764271
0,0.82820195
1,0.9710679
0,0.0050093834
0,0.0021313953
0,0.00820663
0,0.21345237
1,0.9693168
0,0.03468969
0,0.6029963
0,0.15517257
1,0.59473383
0,0.6384236
0,0.01050503
0,0.8098812
0,0.009807404
0,0.65145963
0,0.0049893474
0,0.5147446
0,0.0012100817
0,0.002297795
1,0.6875921
0,0.0033341488
0,0.31235787
0,0.0019139015
0,0.0013742495
1,0.76428753
0,0.01771546
0,0.7420616
0,0.008466962
0,0.007663347
0,8.641926e-05
1,0.92860323
0,0.0008961081
0,0.014050964
0,0.015842149
0,0.26394162
0,0.0001277319
0,0.05969365
0,0.16507028
0,0.008205001
0,0.0011734689
0,0.00092768413
0,0.44774097
0,0.30361938
0,0.006916767
0,0.0036064
0,0.0026446872
0,0.7018607
0,0.07062486
1,0.9445543
0,0.50968856
0,0.008351734
1,0.89445066
0,0.0014451493
0,0.0002905243
0,0.13669293
0,0.48923916
1,0.96216846
0,0.15168163
0,0.0041121803
0,0.0015754686
0,0.0063496497
0,0.030955553
0,0.39957
0,0.0057234913
0,0.005193025
0,0.0045067132
0,0.013494899
0,0.00086887303
0,0.0021704682
1,0.8000831
1,0.95700365
0,0.010745807
0,0.7655029
0,0.02142501
0,0.03955007
0,0.003216313
0,0.81158125
0,0.05746365
0,0.83033526
0,0.04913453
0,0.004668272
0,0.8215774
1,0.9162953
1,0.66499114
0,0.05281537
0,0.014512027
0,0.0034302624
0,0.00069070107
0,0.8252332
1,0.9488214
0,0.0077177263
0,0.16233596
0,0.5986311
0,0.16671334
0,0.00248863
0,0.00015853006
0,0.2148579
0,0.57358325
0,0.3119293
0,0.045899715
0,0.04451797
1,0.7010094
0,0.76492745
0,0.0015551324
0,0.14518036
0,0.0016046277
0,0.41175824
0,0.0014867682
0,0.004270442
0,0.014391539
0,0.11494383
1,0.88434064
0,0.8398476
0,0.042880204
0,0.68360215
0,0.12290283
0,0.048163008
0,0.90561855
0,0.087176725
0,0.00015029659
0,0.007926073
0,0.0014487416
0,0.0022140837
0,0.021358669
0,0.0022247264
0,0.07855108
1,0.9722472
0,0.58973324
0,0.9726821
0,0.29767528
0,0.31537926
0,0.057606544
0,0.0019784218
0,0.0030409142
0,0.13702053
0,0.0036670973
0,0.026384411
0,0.72178125
1,0.923244
0,0.0011249589
0,0.55505776
0,0.004147474
0,0.9290879
0,0.36834994
0,0.005586096
0,0.41229165
0,0.56979203
0,0.06367333
1,0.9480455
0,0.059070464
0,0.0023553844
0,0.22670045
1,0.9547954
1,0.8734544
0,0.18243495
0,0.020998811
0,0.3730589
0,0.0023368695
0,0.034147795
0,0.512766
0,0.0078159515
0,0.0017147168
0,0.089799896
0,0.028148174
0,0.37713236
0,0.2957161
0,0.008051962
0,0.118446745
0,0.2843005
0,0.02130642
0,0.3315507
0,0.036620345
0,0.052567184
0,0.34818137
0,0.009243155
0,0.024661098
0,0.021347707
0,0.035358086
0,0.046715677
0,0.0015006813
0,0.47741932
0,0.68860227
1,0.91086346
0,0.004602288
0,0.06113062
1,0.7973482
0,0.06655199
0,0.00971464
0,0.323089
0,0.40595168
0,0.013002383
0,0.7919997
0,0.0004842288
0,0.002118918
0,0.0469386
0,0.00027159316
0,0.085907534
0,0.727966
0,0.008660408
0,0.08095943
0,0.0018255512
0,0.9063019
0,0.00923927
1,0.9191185
0,0.93294024
0,0.0071282354
0,0.0017220958
0,0.25854918
0,0.011228985
1,0.8179753
0,0.007104651
0,0.004726888
0,0.21352422
0,0.043882985
0,0.011576648
0,0.013855424
1,0.8956265
0,0.00020772853
1,0.7773265
0,0.0024932567
0,0.035873726
0,0.003007617
0,0.5749212
0,0.33700535
0,0.80020505
0,0.12691003
0,0.023603277
0,0.012062243
0,0.034163713
0,0.0014731782
0,0.005158194
0,0.0018092309
0,0.015450846
0,0.029313741
0,0.0013439986
0,0.08879484
0,0.50894326
0,0.012733476
0,0.100978225
0,0.056679614
0,0.0020995701
0,0.0038951295
0,0.024492878
0,0.00091440155
0,0.08837033
0,0.64418745
0,0.027860554
0,0.14209828
0,0.10193056
0,0.017012114
1,0.6387574
0,0.016425759
0,0.08157615
0,0.19035465
0,0.011723041
0,0.58275753
1,0.9618173
0,0.0012241476
0,0.5799304
0,0.26258868
0,0.05836003
0,0.00818963
0,0.00045645837
0,0.93171537
0,0.12969086
0,0.032163467
0,0.1404781
0,0.8566215
0,0.09144402
0,0.72166264
1,0.9639253
1,0.9276077
0,0.028157
1,0.8872179
0,0.030473653
0,0.6756739
0,0.0162135
0,0.58902913
0,0.033662044
0,0.24591392
0,0.0006822808
0,0.0060880766
1,0.1673794
0,0.002032982
0,0.0276835
0,0.13149239
0,0.51346153
0,0.0029520432
0,0.15120329
0,0.0036029422
0,0.0010673266
0,0.043544333
0,0.13593405
1,0.63396883
0,0.63606334
0,0.6614594
1,0.9823644
1,0.8286734
1,0.8907765
1,0.9565572
0,0.0029206325
0,0.04469233
0,0.01791138
0,0.011569966
0,0.6240872
0,0.02121699
0,0.48103017
0,0.0059422157
0,0.61190814
0,0.00071916997
0,0.03608114
1,0.7929865
0,0.0035894269
0,0.014323688
1,0.24984185
0,0.13070635
0,0.0032045406
0,0.46068057
0,0.028909583
0,0.32599515
0,0.1049772
0,0.41031525
1,0.42677718
0,0.090663716
1,0.25145927
0,0.64993036
0,0.879138
0,0.31237072
1,0.9262147
0,0.13247038
0,0.047124125
1,0.90877527
0,0.35580114
0,0.37305832
0,0.0017758901
0,0.0023940965
0,0.0020337105
0,0.0239174
0,0.028540086
0,0.005959752
1,0.96243274
0,0.26582953
0,0.036571626
0,0.07600881
0,0.00014728395
0,0.7530162
1,0.94595426
0,0.004262938
1,0.6187998
0,0.43093887
0,0.032058444
0,0.41281277
0,0.03954541
0,0.29629704
0,0.5771154
0,0.00050197245
0,0.120687254
0,0.0063664024
1,0.93484735
0,0.016713431
0,0.013925322
0,0.017563228
0,0.04684582
0,0.20884646
0,0.020857118
0,0.3751896
0,0.0077616377
0,0.012983518
0,0.027130617
0,0.009557007
0,0.00019575084
0,0.096073925
0,0.19857974
0,0.01524394
0,0.0072195968
0,0.0016528284
0,0.02102322
0,0.098957896
0,0.05124016
0,9.763483e-05
0,0.20835473
0,0.15524378
0,0.12438385
1,0.69109035
0,0.068989046
0,0.0005236918
0,0.13967419
0,0.04872903
1,0.61443985
0,0.65244424
0,0.89858145
1,0.9819951
0,0.08755207
0,0.031064272
0,0.00078299845
0,0.046125833
0,0.015048339
0,0.01977816
0,0.004851182
0,0.012021541
0,0.4456416
0,0.6961093
0,9.0367124e-05
0,0.0029065982
1,0.89322144
0,0.01200937
0,0.20775115
0,0.024726856
0,0.0010180741
0,0.79160404
0,0.01844566
0,0.9256248
0,0.0024370458
1,0.97400373
0,0.042622365
0,0.18530822
0,0.013791512
0,0.0021094559
0,0.96141684
0,0.14880863
0,0.0021767013
0,0.0046913377
0,0.26504603
0,0.345326
1,0.8829591
0,0.052729808
1,0.85056525
0,0.33012432
0,0.2352854
1,0.94155115
0,0.0035704665
0,0.046002857
0,0.046074335
0,0.00087721786
0,0.05100251
0,0.014047318
0,0.19597638
0,0.36463052
0,0.0059211473
0,0.02068524
0,0.004579602
0,0.00060419063
0,0.7707928
0,0.00020710341
0,0.014554764
0,0.010072531
1,0.9448893
0,0.7741831
0,0.09287116
1,0.8265369
0,0.0020259318
1,0.05179254
0,0.0034495674
0,0.012744282
0,0.8714712
0,0.024976626
0,0.21225406
0,0.0045209317
0,0.9803026
0,0.119449854
0,0.0021007652
0,0.38185725
0,0.3407619
1,0.9794232
0,0.022540135
0,0.011758013
0,0.0049655656
0,0.026559765
0,0.39073992
0,0.03502608
1,0.7288689
0,0.10172892
0,0.004445133
0,0.86956584
0,0.021116976
0,0.0062177
0,0.81714153
0,0.037978046
0,0.16256562
0,0.06505464
0,0.03964934
0,0.024386965
0,0.8944151
0,0.019213919
0,0.03580579
0,0.0015799241
0,0.0014401061
0,0.28875905
0,0.029210793
0,0.025537075
0,0.070115805
1,0.27130038
0,0.0011798656
0,0.9590864
0,0.20229998
0,0.29352784
0,0.17622477
0,0.0039360444
1,0.84042466
0,0.029608818
0,0.59307706
0,0.015550741
0,0.031633742
0,0.1288439
1,0.5947266
1,0.9529238
1,0.797206
0,0.0078134565
0,0.09298901
0,0.0018032463
0,0.3520906
0,0.51386124
0,0.0071816165
0,0.00873229
0,0.02194354
0,0.008415221
0,0.81186026
0,0.32491872
0,0.014967355
0,0.577159
0,0.022015333
0,0.65837836
0,0.0039433087
0,0.65869457
0,0.0061737676
0,0.060705174
0,0.009663192
0,0.72246206
0,0.06357414
0,0.7634081
1,0.6790617
0,0.21019752
0,0.0051162676
0,0.8173747
1,0.77349204
0,0.42161348
0,0.022323444
0,0.20055053
1,0.8729522
0,0.23163803
0,0.0010897232
1,0.498855
0,0.06983165
0,0.88229394
0,0.94216347
0,0.0021767013
0,0.019138368
0,0.02342038
1,0.6484646
0,0.195352
0,0.05030205
0,0.0017814822
0,0.006276841
0,0.038527764
1,0.90758955
0,0.009147027
0,0.0022120378
0,0.0373742
0,0.024039593
0,0.007757137
0,0.364191
0,0.0005113159
0,0.048873615
0,0.07919978
0,0.011581434
0,0.0015568621
0,0.2873137
0,0.0075802607
0,0.038116366
0,0.009993175
0,0.017417757
0,0.5869571
0,0.6306884
0,0.0028181016
0,0.041787494
1,0.5408409
0,0.6247534
1,0.83644783
0,0.02025788
0,0.00086883904
0,0.00032746003
0,0.63382393
0,0.07624897
1,0.97820175
0,0.019479144
0,0.016396163
0,0.0005445723
0,0.72791815
0,0.17716098
0,0.7401324
0,0.7892094
0,0.029765857
0,0.7113239
0,0.02206653
0,0.12374108
0,0.00089653727
0,0.014063032
0,0.76217395
1,0.28497285
1,0.67550004
0,0.0263607
0,0.00083403615
0,0.08542628
0,0.009883331
1,0.8020832
0,0.009336747
0,0.013092578
0,0.010710337
0,0.9151235
0,0.012081317
0,0.027263751
0,0.5399799
0,0.074408695
0,0.04889911
0,0.00031928273
0,0.00069560885
0,0.26566115
1,0.7817893
1,0.91829395
0,0.0020653177
1,0.9004082
0,0.37049392
0,0.005858597
0,0.6094646
1,0.71524984
0,0.91333723
0,0.16585104
0,0.27364388
0,0.54376507
0,0.0006245852
0,0.93711245
0,0.0025753314
0,0.047946915
0,0.0056796963
0,0.066725895
0,0.110068865
0,0.0013982547
0,0.1610061
0,0.0015293253
0,0.637189
0,0.0014833488
0,0.00655348
0,0.24956618
0,0.015487797
1,0.75861096
0,0.000653053
0,0.00484122
0,0.01009043
0,0.3622738
0,0.00012510204
0,0.023965647
0,0.94188136
0,0.0009850444
0,0.08570547
1,0.92509204
1,0.71731764
0,0.014399542
0,0.008043743
0,0.17589337
0,0.053577803
0,0.3253261
1,0.97236854
0,0.6733637
1,0.86730397
0,0.027546942
0,0.005616866
0,0.0022029465
0,0.009796787
0,0.6925073
0,0.47562334
0,0.00580122
0,8.685821e-05
0,0.43129152
0,0.0026113347
0,0.6572349
0,0.0012940507
1,0.79872304
0,0.023705335
0,0.0016715856
0,0.5985624
1,0.87663585
0,0.18412688
1,0.98957145
0,0.0028460557
1,0.9564218
0,0.032489914
0,0.0029634219
1,0.15432216
0,0.49926135
0,0.001257837
0,0.008906807
0,0.6201402
0,0.02327502
1,0.8534463
0,0.33715457
0,0.067735106
1,0.89462197
0,0.005904407
0,0.0028586318
1,0.9311166
0,0.0011854932
0,0.5588446
0,0.003282861
0,0.045940913
0,0.12926285
1,0.94057304
0,0.4663571
0,0.79392624
0,0.008713905
0,0.0011016368
0,0.030301776
0,0.7819237
0,0.045429915
0,0.033644058
0,0.0072674067
0,0.07271893
0,0.066571586
0,0.031248111
1,0.5358729
0,0.027614627
0,0.0016020257
0,0.0051158913
0,0.23294444
0,0.010460612
0,0.35544786
0,0.37396762
0,0.5972894
1,0.8323508
0,0.76230556
0,0.42043826
0,0.011760705
0,0.010322354
1,0.9369863
0,0.3512459
0,0.003628054
0,0.0016131604
0,0.0057784705
0,0.11534457
0,0.03195542
0,0.004542074
0,0.0025575114
0,0.006716919
0,0.0063503543
0,0.6211919
0,0.3594724
0,0.32696113
0,0.095536776
0,0.19435354
0,0.18418178
0,0.31893986
0,0.07998367
0,0.0071551288
0,0.034575257
0,0.049223248
1,0.63880795
1,0.8850103
0,0.018929258
0,0.8942315
0,0.04666418
0,0.8994403
0,0.1213296
0,0.34305885
0,0.030483367
0,0.0032993993
0,0.034624632
0,0.009237891
1,0.869957
0,0.8294063
0,0.5751498
0,0.13406873
0,0.36371052
0,0.015584379
0,0.66438156
0,0.23495519
0,0.18305759
0,0.1110875
0,0.00034234274
0,0.0016476316
0,0.51565826
0,0.6994652
0,0.029222028
0,0.01706012
0,0.1506056
0,0.004158534
1,0.19857723
0,0.00084124075
1,0.990471
0,0.65243787
0,0.76657194
0,0.39937642
0,0.054430623
0,0.0017768845
0,0.082672656
0,0.51508695
0,0.32181567
0,0.08621994
0,0.17523323
1,0.63394964
0,0.002420937
0,0.0965939
0,0.025768824
0,0.61445075
0,0.49935067
0,0.022941114
0,0.28365645
0,0.05488025
0,0.59239423
1,0.71845716
0,0.03374141
0,0.004621189
0,0.17847607
0,0.18074092
0,0.107110225
0,0.0063462546
0,0.9506654
0,0.9604043
0,0.0032277622
1,0.94362074
0,0.15206172
1,0.8497294
1,0.9570295
0,0.0017145803
0,0.0010372002
0,0.064214244
0,0.01681074
0,0.42472678
0,0.10507343
0,0.22948386
0,0.61291975
0,0.016790401
0,0.4541128
0,0.3494011
0,0.04435693
0,0.0004111867
0,0.628365
0,0.015791237
1,0.019768765
0,0.98428106
0,0.0019341627
0,0.0014017599
0,0.4815227
0,0.90258956
1,0.9125038
0,0.21740182
0,0.04316858
0,0.003295262
0,0.011620287
0,0.39426315
0,0.00028665285
0,0.045127966
0,0.0038198938
0,0.67505795
0,0.1360481
1,0.2479888
1,0.6845866
0,0.5456061
0,0.10418555
0,0.046979304
0,0.0030233501
0,0.00039771668
0,0.057607323
0,0.0121635515
0,0.0019236909
0,0.731996
0,0.043596175
0,0.0054407846
0,0.025618685
1,0.8746638
0,0.038616996
0,0.16595893
1,0.561905
1,0.3514732
0,0.5318302
0,0.010630076
0,0.043192014
0,0.032457605
0,6.297394e-05
0,0.07653975
0,0.83507276
0,0.0899706
0,0.049797926
0,0.013171578
0,0.25342873
0,0.00073464355
0,0.054041628
0,0.012430321
0,0.06232414
0,0.07257538
0,0.005496855
0,0.05801357
0,0.00047706784
0,0.00091135333
0,0.010618953
0,0.006420868
0,0.7579357
0,0.022873443
0,0.14368644
0,0.00079824065
1,0.91131836
0,0.9119595
0,0.14093062
0,0.7234145
0,0.08483508
0,0.40679914
0,0.013609936
0,0.43777794
0,0.0026338375
1,0.36047736
0,0.000388836
0,0.17039175
0,0.049967315
0,0.003323241
0,0.032000985
0,0.8475651
0,0.6914517
0,0.0006442813
0,0.031301845
0,0.034648597
0,0.01820086
0,0.16921203
1,0.8128701
0,0.015904743
0,0.017017951
0,0.004155754
0,0.032162327
0,0.0015829207
0,0.017979171
1,0.45245433
0,0.002908633
1,0.79747593
0,0.005406385
0,0.0017433811
0,0.0014550526
0,0.004420793
0,0.002732158
0,0.5672399
0,0.03211689
0,0.08486371
0,0.8398377
0,0.0053915773
0,0.0015682112
0,0.07500306
0,0.07196742
0,0.21797393
0,0.1848272
0,0.27550292
0,0.008865563
0,0.022148333
0,0.0011720503
0,0.0008908568
0,0.008635752
0,0.06846169
0,0.042370558
1,0.87601095
1,0.85680145
0,0.005857464
0,0.038600966
0,0.019342603
1,0.9359429
0,0.89807993
0,0.0034006776
0,0.24338673
0,0.014573235
0,0.016772911
0,0.04770354
0,0.029660515
0,0.0101647
0,0.0210272
0,0.036898337
0,0.10171875
1,0.90149456
1,0.72970927
0,0.0014905838
0,0.027583493
0,0.21373995
1,0.8944407
1,0.51699525
0,0.00644434
0,0.07678123
0,0.03515608
0,0.006741432
0,0.71651036
0,0.035197467
0,0.003977915
0,0.5266191
0,0.03474626
1,0.9585885
0,0.017365947
0,0.1285293
0,0.038432088
0,0.0019755682
0,0.00040501202
0,0.005714313
0,0.12798531
0,0.073773034
0,0.2760704
1,0.23046432
0,0.0052315057
1,0.8112201
0,0.66304654
1,0.93878394
0,0.00010312415
0,0.06059477
0,0.0015158405
0,0.28946242
0,0.00074835133
0,0.039032336
1,0.96897674
0,0.012043348
0,0.8082868
0,0.073850945
0,0.003211289
0,0.7754574
0,0.2277721
0,0.0021330076
1,0.92475826
0,0.013770236
0,0.19421338
1,0.95035386
0,0.23501633
0,0.036276978
0,0.42725793
0,0.0040796394
0,0.007251661
0,0.00030174424
0,0.09116
0,0.01400362
0,0.12363942
0,0.65624994
1,0.96703297
0,0.01189905
0,0.001717172
0,0.0054557933
0,0.8846404
0,0.0019450596
0,0.058327742
0,0.0056869206
0,0.028183049
1,0.7898219
0,0.38350496
1,0.9358147
0,0.006981472
0,0.21165356
0,0.0022533606
0,0.2260296
0,0.0028609093
0,0.09828882
0,0.038583513
0,0.9431695
0,0.026230503
0,0.63703585
0,0.20274393
0,0.09056138
0,0.00083688815
0,0.0051271333
0,0.007868111
0,0.009076495
0,0.04117726
0,0.28144908
0,0.008132763
0,0.7761154
0,0.10416838
0,0.00075664156
0,0.019820206
0,0.25596222
0,0.0009620842
0,0.08481165
0,0.92962277
0,0.0049119503
0,0.62480074
1,0.22513893
0,0.7632704
1,0.7277431
1,0.6525842
0,0.06313195
0,0.7008269
0,0.046671752
0,0.00010211117
0,0.33470038
0,0.012811363
0,0.15753925
0,0.0023487345
0,0.008329812
0,0.017007712
0,0.013692362
0,0.021271393
1,0.9560116
0,0.006892591
0,0.228664
0,0.14870617
1,0.55073076
0,0.031199567
0,0.006651429
1,0.89538723
0,0.01170884
0,0.12119895
0,0.00312221
0,0.013145578
0,0.006478036
0,0.22259882
0,0.42277673
0,0.7860246
0,0.13990326
0,0.08524757
0,0.017676255
0,0.0005189721
0,0.47347757
0,0.2175648
0,0.09608163
0,0.008212466
0,0.002987789
0,0.22938874
1,0.11985109
0,0.001517286
1,0.33004633
0,0.0028049469
0,0.5854783
0,0.008808835
1,0.92270416
1,0.00226432
0,0.79355305
0,0.2504138
0,0.009660304
0,0.17502834
0,0.1619358
0,0.28303513
0,0.07109488
0,0.045472316
0,0.08642875
0,0.0063307486
0,0.90208894
0,0.0023350972
0,0.032287356
0,0.45725578
0,0.5651246
0,0.3481881
0,0.04084166
0,0.074979834
0,0.39728686
0,0.037551653
0,0.83095294
0,0.004957604
1,0.8462012
0,0.05108023
0,0.055313844
0,0.6365735
0,0.014630835
0,0.001972394
0,0.0034059435
0,0.048312936
0,0.0333225
0,0.02584891
0,0.013828814
0,0.0011820266
0,0.11386498
0,0.014945639
0,0.015910506
0,0.040833436
1,0.9803899
0,0.011452617
1,0.97257996
0,0.007391698
0,0.22604261
0,0.17879187
1,0.455285
0,0.029834783
0,0.37968338
0,9.280291e-05
0,0.004177762
0,0.01533996
0,0.0074010105
0,0.30143467
0,0.8988827
0,0.0155162
0,0.07895621
0,0.002153745
0,0.011907221
0,0.0013378252
0,0.7897284
0,0.27933076
0,0.01885435
0,0.7135865
0,0.66712266
0,0.19894464
0,0.0038424728
0,0.64241827
0,0.009827749
0,0.046173524
0,0.39340612
1,0.67775583
0,0.016800212
0,0.034418803
0,0.0075627253
0,0.010447497
0,0.04453843
0,0.0022945844
0,0.0148220435
0,0.0085073365
0,0.0019009907
0,0.0016032883
0,0.660592
0,0.0013301661
0,0.00088533614
0,0.0025881627
1,0.79710144
1,0.90949196
0,0.2418557
1,0.9012185
0,8.861579e-05
0,0.74387777
1,0.04594662
0,0.6282922
0,0.0003839662
0,0.0060065216
0,0.095476896
0,0.8837191
1,0.64155483
0,0.011618665
0,0.069852404
1,0.9205684
0,0.0009016289
0,0.28520545
0,0.72031003
0,0.012160636
0,0.19528718
0,0.01556936
0,0.0015772134
0,0.060616206
0,0.23186165
0,0.0058537167
0,0.014258746
0,0.011268214
0,0.43770584
0,0.0043325713
0,0.050428703
0,0.10937628
1,0.632109
0,0.012920844
0,0.0009957479
1,0.91416895
0,0.007836998
0,0.004636414
0,0.10593652
0,0.0021677744
1,0.7954228
0,0.008662553
0,0.45172358
0,0.98400927
0,0.039949592
0,0.016231544
0,0.0029084063
0,0.008760211
0,0.018860728
0,0.001662268
0,0.001689084
1,0.037237097
0,0.0004079811
0,0.021212634
0,0.0019808984
0,0.007804666
0,0.00076332834
0,0.059501573
0,0.7177382
0,0.0142540615
0,0.63383806
0,0.14795966
0,0.0046621035
0,0.0062622153
0,0.0044385707
0,0.0056139324
0,0.038098354
0,0.004131446
0,0.23506807
0,0.019875033
0,0.0037040047
0,0.5732056
0,0.00027966624
0,0.0005120592
0,0.019781062
0,0.033137012
0,0.0053132055
0,0.001270187
0,0.11772874
0,0.01785117
0,0.7338883
0,0.5765426
1,0.71996033
0,0.008016421
0,0.33609354
0,0.6013109
0,0.33200696
0,0.020708635
0,0.004016814
1,0.9155865
0,0.6452333
0,0.32304966
0,0.08162961
0,0.002128031
0,0.009665944
0,0.0035662602
0,0.03256274
1,0.8678778
0,0.014055186
0,0.045167398
0,0.0794477
0,0.055589903
0,0.10583569
0,0.18473233
0,0.0019811965
0,0.0007644814
0,0.086259186
0,0.3049308
0,0.48755676
0,0.007010743
0,0.04458427
0,0.0017128331
0,0.24952461
0,0.06521229
0,0.090916656
0,0.19231774
0,0.6650573
1,0.6883849
0,0.0133591825
1,0.9820402
0,0.002824828
0,0.008744491
0,0.009308095
0,0.10736363
0,0.0065938435
0,0.7528503
0,0.004996765
0,0.05377643
0,0.71051043
0,0.027882623
0,0.19839267
0,0.19938637
0,0.022934644
1,0.817334
0,0.025536796
1,0.8617924
0,0.11049381
0,0.0067709563
0,0.029831082
0,0.006883852
0,0.05706252
0,0.0013021419
0,0.06871179
1,0.8699982
0,0.52574635
1,0.9827895
0,0.018224308
1,0.951358
0,0.5816644
0,0.012570854
1,0.26734272
1,0.8325181
0,0.03658795
1,0.94357276
0,0.0010508262
1,0.9113064
0,0.18710932
0,0.088971764
0,0.5649655
0,0.020775411
0,0.0006948605
0,0.008237017
0,0.0060041533
0,0.10192376
0,0.0015747157
0,0.17447022
0,0.3365215
0,0.62681544
0,0.12497676
0,0.0017855028
0,0.0015720611
0,0.2320193
0,0.033545177
0,0.0221403
0,0.018376462
0,0.0029527813
0,0.04207787
0,0.012640841
0,0.54546535
0,0.008440645
0,0.30823582
0,0.36373922
0,0.0028979394
0,0.13386227
0,0.4575378
0,0.0071391044
0,0.20595682
1,0.8793387
0,0.014114702
0,0.03744241
0,9.303799e-05
0,0.10253684
0,0.6338413
0,0.022208715
0,0.010217509
1,0.49074915
0,0.13369747
0,0.012234543
0,0.01633573
0,0.026003579
0,0.037495103
0,0.10149898
0,7.969209e-05
0,0.02552303
0,0.23816039
0,0.26832944
0,0.019193063
0,0.26107532
0,0.000100803845
0,0.007917349
1,0.874016
0,0.82685226
0,0.018757582
0,0.019462252
1,0.10473116
0,0.91879874
0,0.7736113
0,0.18469612
0,0.059313953
0,0.0019139543
0,0.01950319
0,0.059672248
0,0.0012155871
0,0.69612956
0,0.0016499339
0,0.018474605
0,0.011829156
0,0.0050362065
0,0.0034001975
0,0.031683724
0,0.019679785
0,0.17658468
0,0.560108
0,0.01162332
0,0.001273443
0,0.0005570408
0,0.0034413943
0,0.6482735
0,0.020031044
0,0.2802902
0,0.000946369
0,0.0014178569
0,0.09415022
0,0.9343138
0,0.0068368777
0,0.8284594
0,0.039683916
0,0.0052924477
0,0.8427799
1,0.48797032
0,0.0027484167
0,0.03143149
0,0.002395191
0,0.00032910783
0,0.00038996246
0,0.3971574
0,0.06619787
0,0.019376673
0,0.5426125
0,0.30006397
0,0.004379132
0,0.3066557
0,0.4947601
0,0.64404863
0,0.6260772
0,0.011046403
0,7.624347e-05
0,0.11624485
0,0.004995423
0,0.00085426617
0,0.03896164
0,0.00043682256
0,0.9098623
0,0.08367134
1,0.81593215
1,0.96395683
0,0.2707568
0,0.03423224
0,0.3801554
1,0.87767416
0,0.08066995
0,0.0006453069
0,0.92987597
1,0.40962535
0,0.110512726
0,0.16947041
0,0.11722052
1,0.93378174
1,0.91846174
0,0.19818248
0,0.0012778845
0,0.1902449
0,0.019380199
0,0.09140477
0,0.0008622146
0,0.007794209
1,0.8018384
0,0.07629251
0,0.51815325
0,0.095485866
0,0.20454302
0,0.0020097874
0,0.30275267
0,0.0007752986
0,0.6180124
0,0.83088684
0,0.19272217
0,0.068282925
0,0.8829374
0,0.3774259
0,0.8609417
0,0.011975404
0,0.8797728
0,0.89195883
0,0.06423446
0,0.008490846
0,0.06308856
0,0.045030456
1,0.6026691
0,0.842486
0,0.008139216
0,0.018792246
0,0.00020155497
0,0.014794856
0,0.34224167
1,0.8942402
1,0.51917744
0,0.016003124
0,0.0016489829
0,0.03169042
0,0.018583985
0,0.02501266
0,0.4339155
0,0.36668062
0,0.22845308
1,0.76239264
0,0.3247794
0,0.033701118
0,0.046643615
0,0.0821244
1,0.9306578
1,0.4430453
1,0.40742198
0,0.060096666
0,0.038739163
1,0.81369257
0,0.029065058
0,0.018440632
0,0.114371255
0,0.002919988
0,0.7655243
0,0.19186318
0,0.75644535
1,0.84828705
1,0.38729993
0,0.099419095
0,0.006663008
0,0.009939811
0,0.8770954
0,0.5728302
0,0.015933217
0,0.011051206
0,0.056796405
0,0.009418002
0,0.057014342
0,0.007340519
0,0.2909708
0,0.035230912
0,0.068868294
1,0.6098981
0,0.00020049674
0,0.16305052
0,0.00083227764
0,0.0009869693
0,0.0022208674
0,0.0072622583
0,0.029720321
0,0.008064776
0,0.017959084
0,0.3720583
0,0.0031336558
0,0.85952157
0,0.59890825
0,0.022164853
1,0.8474205
0,0.53998387
0,0.005299564
0,0.001428983
0,0.037152126
0,0.3938696
0,0.020853894
0,0.6554748
1,0.98739505
0,0.06462366
0,0.0033811727
0,0.18229116
1,0.9376525
0,0.0033863906
0,0.0022085959
0,0.003662137
0,0.08985887
0,0.006945479
0,0.02313483
0,0.7501875
0,0.014797666
0,0.0071180207
0,0.024581604
0,0.0069049005
0,0.0016393751
0,0.10493691
0,0.084688716
0,0.00037781184
0,0.022233292
0,0.62629354
0,0.027000967
0,0.0204754
0,0.04618873
0,0.07813643
0,0.37751684
0,0.8870969
0,0.045755595
0,0.0013314182
0,0.134419
0,0.015854785
0,0.079667196
0,0.1802758
0,0.002669722
0,0.025443899
0,0.0035822797
0,0.009492346
0,0.4589351
0,0.0351975
0,0.15147263
0,0.369548
0,0.0066508683
0,0.8844586
0,0.67254347
0,0.14303865
0,0.20887978
0,0.0039238767
0,0.000113661794
0,0.06765232
0,0.44106424
0,0.16917668
0,0.7719502
0,0.028800128
1,0.5705425
0,0.002161387
0,0.18726894
0,0.65997225
0,0.017061176
1,0.9099815
0,0.2770352
0,0.034040354
1,0.6363053
0,0.02899547
0,0.0038134416
0,0.11994072
0,0.027989814
0,0.0019032675
0,0.50649405
0,0.71991956
0,0.05657406
0,0.26385617
0,0.007940307
0,0.00037153982
0,0.01627401
0,0.29235885
0,0.6949499
1,0.09542721
0,0.013242809
0,0.00771941
0,0.5992214
0,0.0022294957
0,0.007875533
0,0.017023584
1,0.9044102
0,0.011541159
0,0.079280555
0,0.004895751
1,0.96146685
0,0.8927004
0,0.90305984
0,0.012922742
0,0.018151542
0,0.0057098228
0,0.1735697
0,0.024638034
0,0.009862347
0,0.011450512
0,0.03544671
0,0.01588705
0,0.0066424655
0,0.00086473586
0,0.0056102383
0,0.94521743
0,0.047812097
1,0.8466644
0,0.005260755
0,0.02663956
0,0.5357963
0,0.0023680327
1,0.9845903
0,0.09626605
0,0.010793305
0,0.029856343
0,0.03397648
1,0.8539827
0,0.5642852
0,0.002161425
0,0.060760174
0,0.00034698026
0,0.03192875
0,0.01294947
1,0.85834837
0,0.022848519
0,0.022746729
0,0.026670637
0,0.05923659
1,0.8754265
1,0.9203802
0,0.019441402
0,0.2923998
0,0.19634508
1,0.8956812
0,0.07852796
0,0.005215913
0,0.0256501
0,0.5680488
0,0.0084733805
0,0.31829607
0,0.08821697
0,0.0022985765
0,0.24438044
0,0.674197
0,0.49428672
0,0.48649648
0,0.0072528454
1,0.7178218
0,0.1365264
0,0.0016652849
0,0.008139952
0,0.0028645163
0,0.007738782
0,0.01167769
0,0.008674522
0,0.019225422
0,0.22505923
0,0.009078248
0,0.032044433
0,0.5295291
0,0.0130457245
0,0.2884929
0,0.037837315
0,0.0073362156
0,0.2907676
0,0.5180609
1,0.930087
0,0.622669
0,0.012504829
0,0.9654011
0,0.014086608
0,0.042697586
0,0.38376644
0,0.00032622888
0,0.0073453262
0,0.037671376
0,0.0006949188
0,0.06587115
0,0.007942103
0,0.14727151
0,0.019904885
0,0.02324803
0,0.5187623
0,0.028424079
0,0.31602278
0,0.0022730194
0,0.009836058
1,0.8852772
0,0.0051664836
0,0.016062273
0,0.44628826
0,0.0037676645
0,0.0813233
0,0.0010802731
1,0.9212438
1,0.8638588
0,0.01818915
0,0.028857553
0,0.0019643267
0,0.029103657
0,0.003564148
0,0.03107823
0,0.01067536
1,0.5578681
0,0.026123881
0,0.010083279
0,0.03763978
0,0.3392741
0,0.5462314
0,0.09997852
1,0.8306878
0,0.36017293
0,0.030132148
0,0.88521665
0,0.005343119
0,0.006895395
0,0.45836604
0,0.0017692938
0,0.002015112
0,0.0034992094
0,0.008877348
1,0.74175286
0,0.1528806
0,0.04050606
0,0.031655867
1,0.3050597
0,0.0012750761
0,0.025553266
0,0.0045255716
0,0.022537528
0,0.026820526
0,0.62336296
0,0.14674604
1,0.9282312
0,0.10000096
0,0.020516641
0,0.37115255
0,0.0047814106
0,0.004484519
0,0.0650052
0,0.008281461
0,0.690661
0,0.011827836
0,0.5564427
0,0.00032028454
0,0.3548751
0,0.04341914
0,0.009461662
0,0.002723594
0,0.031155722
1,0.8498116
0,0.0032739765
0,0.39220062
1,0.697355
0,0.040611118
0,0.048574913
0,0.02050677
0,0.27623925
0,0.001988426
0,0.19134296
0,0.008891129
0,0.68897045
0,0.78658533
0,0.001450548
0,0.5435875
0,0.02918466
0,0.39569607
0,0.0018297066
0,0.014458504
0,0.0026471147
0,0.4526376
0,0.0021427313
0,0.059160467
0,0.0010454949
0,0.017559214
0,0.0032730324
0,0.00077516865
0,0.015310703
0,0.81123173
1,0.8921397
1,0.81463045
0,0.051993303
0,0.00037215982
0,0.0141786495
0,0.3354394
0,0.004406269
0,0.011214034
0,0.054068703
0,0.0013938507
1,0.9040224
0,0.25785175
0,0.37837824
0,0.061586186
0,0.001752475
0,0.9227091
0,0.14198634
0,0.034494966
0,0.01123925
0,0.1651656
0,0.77551466
0,0.3318351
0,0.70745593
0,0.0016509191
0,0.3584741
0,0.38114575
0,0.009024001
0,0.14286351
0,0.47529787
1,0.81277335
0,0.0006758004
0,0.013765554
1,0.8366541
0,0.0007047612
0,0.0044527617
0,0.029098978
0,0.61237913
0,0.08469067
0,0.017105645
0,0.0059639146
0,0.06592853
1,0.83101904
0,0.035224017
1,0.51752996
0,0.47275573
0,0.037910875
0,0.017874585
0,0.020993525
0,0.013977729
0,0.0020871449
0,0.12963273
1,0.9183156
0,0.0065696896
1,0.910525
0,0.001206376
0,0.26909187
0,0.0010762038
0,0.041215573
0,0.045479603
0,0.005892926
0,0.048206013
0,0.46440104
0,0.0017504309
0,0.11004015
0,0.025618555
0,0.046180137
0,0.0822192
0,0.1419947
0,0.18190229
0,0.033197045
0,0.012382752
0,0.040596288
1,0.81839424
0,0.0039755446
0,0.044099957
0,0.19386691
0,0.15839136
0,0.0028050242
0,0.03732574
0,0.0190661
0,0.594248
0,0.8069035
0,0.03366397
0,0.1332962
0,0.002499065
0,0.2756615
0,0.0014163441
1,0.9398297
0,0.7341167
0,0.0064208433
0,0.02238402
0,0.31080782
0,0.010139113
0,0.2214377
0,0.18374665
0,0.0121208485
0,0.5935619
0,0.028909497
0,0.100410625
0,0.0054240716
0,0.08637843
0,0.024529614
0,0.028991146
0,0.49692014
0,0.007596456
0,0.0034430104
0,0.07853931
1,0.8615335
0,0.7564262
0,0.008655746
0,0.000882109
0,0.041706946
0,0.00011268535
0,0.278293
0,0.7904189
1,0.9736322
0,0.027927274
0,0.027835814
0,0.0010673266
0,0.20235397
0,0.026890535
0,0.04256516
0,0.006868642
0,0.26721537
0,0.04506651
1,0.9012374
1,0.9042968
0,0.00047873924
0,0.006085152
0,0.0008498973
0,0.11496851
0,0.0037627423
0,0.69324845
0,0.12176343
0,0.039314993
0,0.041392494
0,0.05079479
0,0.40405446
1,0.8383861
0,0.03433736
0,0.051600456
0,0.07203476
0,0.02167827
0,0.0030145897
1,0.72727185
0,0.20606889
0,0.59027034
0,0.00079325464
0,0.013691474
0,0.7247513
0,0.048356317
0,0.17089264
0,0.7587629
0,0.9570467
0,0.24408136
0,0.025258938
0,0.011243034
0,0.035928395
0,0.00022204492
0,0.0009797375
0,0.73528904
0,0.009692975
0,0.005664467
0,0.004268516
0,0.16523719
0,0.00087032636
0,0.09336448
0,0.0002976765
0,0.0038951815
0,0.32957304
0,0.042934686
0,0.0032861643
0,0.027895467
0,0.030229114
0,0.005082214
0,0.004335961
0,0.10427682
0,0.048114777
1,0.9331089
0,0.015525599
0,0.11021574
0,0.014123085
0,0.12608019
0,0.14332955
0,0.852454
0,0.18659934
0,0.19369142
0,0.07263971
0,0.0049015083
0,0.0105767185
0,0.06627773
0,0.0023543416
1,0.8115175
0,0.8506089
0,0.022768356
0,0.80247873
0,0.0003737001
0,0.96020114
0,0.013068195
0,0.23363034
0,0.0023689047
0,0.23860301
0,0.059576266
0,0.0016001931
0,0.18635684
0,0.0034900233
0,0.014804925
0,0.0032993099
0,0.6946692
0,0.0037250747
0,0.0012498444
1,0.927368
0,0.1639622
0,0.1640229
0,0.88356495
0,0.04833971
0,0.03431106
0,0.78549844
0,0.42447615
1,0.6907481
0,0.0006013477
0,0.034677573
0,0.019936679
0,0.043524943
0,0.04404164
0,0.114901006
0,0.797181
0,0.0050363024
0,0.0075875316
1,0.7477132
0,0.086860985
0,0.46545964
0,0.03450768
1,0.907968
0,0.0010654238
0,0.025798924
0,0.008019266
0,0.11368828
0,0.23927003
0,0.00321235
0,0.04046563
0,0.0029342389
0,0.012509759
0,0.1714747
1,0.9284697
0,0.00088435016
0,0.7319425
1,0.9293738
1,0.8580455
1,0.0647296
0,0.05588525
0,0.91473645
0,0.0013333801
0,0.023272391
1,0.9305018
0,0.63879013
0,0.024340877
1,0.8307003
0,0.0067923088
0,0.29136547
0,0.123512365
0,0.861625
0,0.0002659738
0,0.88848794
0,0.020032225
0,0.0034379682
1,0.09283642
0,0.0046157506
0,0.69869334
0,0.22036912
0,0.0811327
0,0.04722498
0,0.00076908665
0,0.012770238
0,0.34079587
1,0.8501315
0,0.0020252098
0,0.014408539
0,0.56788725
0,0.21323428
0,0.9551607
0,0.024843385
0,0.001934669
1,0.95087224
0,0.13224901
0,0.46459934
0,0.24319303
0,0.48463744
0,0.0002657074
0,0.09571958
0,0.13153975
0,0.10233261
0,0.004286313
0,0.038241744
0,0.060451318
0,0.040812027
0,0.055544436
0,0.0011603638
1,0.67226386
0,0.699496
1,0.29502568
0,0.022133622
0,0.02903216
1,0.9843151
0,0.024416815
0,0.0033439079
1,0.96931285
0,0.36659235
0,0.0015104804
0,0.0024686663
1,0.94899005
0,0.00313211
1,0.9820331
0,0.70909727
0,0.0052692383
1,0.69450223
0,0.346329
1,0.85003513
0,0.0303644
0,0.0023800228
0,0.0058187484
0,0.3671206
0,0.27973565
1,0.7978307
0,0.0045700576
0,0.054650802
0,0.613601
1,0.7417125
0,0.03386547
0,0.004966028
0,0.007001514
0,0.024259044
0,0.2774023
0,0.0052745948
0,0.0007028392
1,0.61812395
0,0.012707199
0,0.6726025
0,0.0022380531
0,0.00021215827
0,0.97820437
0,0.30455503
0,0.78105813
0,0.0082347235
1,0.89850855
1,0.98870486
0,0.43520442
0,0.40456027
0,0.44033444
1,0.6048956
1,0.98123795
0,0.026477044
0,0.92569375
0,0.032143965
0,0.006433663
0,0.23693703
0,0.008324949
0,0.7458772
0,0.09544896
1,0.5961978
0,0.0029765533
0,0.026344344
0,0.027479297
0,0.6226644
0,0.7098003
0,0.8345821
0,0.11940266
0,0.0042121583
0,6.4128704e-05
0,0.0060775285
0,0.005611457
0,0.0048050396
0,0.5916877
0,0.0030292128
0,0.8655895
0,0.7760189
0,0.0033257913
0,0.047532607
1,0.97445357
0,0.031759802
0,0.058985684
0,0.6354587
0,0.029703887
0,0.044478577
0,0.4559588
0,0.0033425272
0,0.53863317
0,0.04325492
0,0.13660145
0,0.0011320264
0,0.9298375
0,0.14657304
0,0.008699316
0,0.009992736
0,0.113004416
0,0.47356653
0,0.45471525
0,0.006120318
0,0.04693141
0,0.74130327
0,0.44341147
0,0.01748993
0,0.11585652
1,0.92106533
0,0.27784002
1,0.7900823
1,0.9643364
0,0.2799254
0,0.039393727
0,0.08166007
0,0.010927273
1,0.9420802
1,0.022054829
0,0.024967775
0,0.007358595
0,0.002568128
0,0.057792448
0,0.58864504
0,0.029019058
0,0.0039680894
0,0.34163728
0,0.013386474
0,0.00043942363
0,0.54108757
0,0.22015719
0,0.7157117
0,0.11199551
0,0.08795637
1,0.8810316
0,0.0024141439
0,0.88549745
0,0.7523543
0,0.0192115
0,0.39732313
0,0.031750083
0,0.0049739606
0,0.023167452
0,0.09910227
0,0.0039905193
0,0.025417432
0,0.099131025
0,0.017630484
0,0.014191973
0,0.004285281
0,0.0013873297
0,0.031834435
1,0.9737942
0,0.14837228
1,0.9607388
0,0.23474933
0,0.015096113
0,0.19841927
0,0.0018588745
0,0.43786713
0,0.03007793
0,0.44003087
0,0.18702927
0,0.0119233
0,0.5789609
0,0.0026912917
0,0.0005985284
0,0.37165463
0,0.94333506
0,0.0011193681
0,0.07648006
0,0.27907568
0,0.56840545
0,0.001186189
0,0.1489211
0,0.018372493
0,0.12676618
0,0.870272
0,0.07872955
0,0.2269231
0,0.018989794
0,0.006238249
0,0.014122872
0,0.0041919146
0,0.07443808
0,0.12655084
0,0.013485913
0,0.054343812
0,0.055140726
0,0.03511618
1,0.5849129
0,0.0026490036
0,0.414584
0,0.0009682919
0,0.023465203
0,0.020227877
0,0.06259165
0,0.000797096
0,0.041570853
0,0.0033893113
0,0.0035382945
0,0.4159667
0,0.0032392086
0,0.009010694
0,0.06528194
0,0.39222956
0,0.037602812
0,0.010446209
0,0.007672113
0,0.9538616
0,0.66665393
0,0.0020566904
0,0.3585791
0,0.94808686
0,0.7322619
0,0.83118176
0,0.018566225
0,0.018664122
0,0.06584964
1,0.89666253
0,0.013636752
0,0.032311663
0,0.005771057
0,0.9344601
0,0.27441955
0,0.82101077
0,0.01917433
0,0.26667386
0,0.003605451
1,0.7038477
0,0.6533383
0,0.00071562274
0,0.029269395
0,0.6487576
0,0.34683555
0,0.0013157706
0,0.018468596
0,0.38186198
0,0.00032762022
0,0.52833885
0,0.0013689923
0,0.37027943
0,0.03420597
0,0.75621307
0,0.013509189
0,0.0017177395
1,0.93530536
0,0.018108847
0,0.7165123
0,0.47241563
0,0.07779151
0,0.002255831
0,0.019683985
0,0.00051192305
0,0.85222524
0,0.0022140446
0,0.23727374
0,0.13632765
0,0.009560646
0,0.013301376
0,0.7517719
0,0.005102301
0,0.38496664
0,0.036966734
0,0.11513478
0,0.018800432
0,0.05735427
1,0.32027417
0,0.0028861866
0,0.055533007
0,0.003082842
0,0.031063996
0,0.0044142776
0,0.32887575
0,0.72077763
0,0.008710623
0,0.1042931
0,0.01895085
0,0.11110572
0,0.0043170364
0,0.01073923
1,0.45252705
0,0.0003110897
0,0.61070585
0,0.048273254
0,0.018018398
0,0.030886484
1,0.9485103
0,0.020994319
0,0.29894483
0,0.10512196
0,0.005425129
0,0.021239897
0,0.06194749
0,0.7183641
0,0.13457368
0,0.82415825
0,0.051138956
0,0.9377046
0,0.0007295853
0,0.0017951714
0,0.006567957
0,0.00598137
0,0.037988972
0,0.9049173
0,0.6575754
0,0.8078537
0,0.055896156
0,0.13608578
0,0.5206812
0,0.0025717926
0,0.09093382
1,0.7665013
0,0.0012629007
1,0.9684715
0,0.8045663
0,0.047116965
0,0.14424719
1,0.9722001
1,0.09617394
0,0.21786122
0,0.20795557
0,0.06120844
0,0.8084723
0,0.0035472433
0,0.0006080304
0,0.00038983382
0,0.29398382
0,0.06116273
0,0.0014400238
0,0.0013473205
0,0.00093495054
0,0.011695093
1,0.67592615
1,0.73701286
0,0.014747322
0,0.00034509524
0,0.003538041
1,0.94915766
0,0.18899861
0,0.11702045
0,0.3466666
0,9.728038e-05
0,0.12070744
0,0.067960955
0,0.010924713
1,0.77831954
0,0.36370182
1,0.834352
0,0.34948346
0,0.00705617
0,0.42940223
1,0.978255
0,0.029610358
0,0.02794579
1,0.9383769
0,0.18603642
0,0.001460774
0,0.001899909
0,0.00039968814
0,0.95731187
0,0.24022904
0,0.0020160596
0,0.1728856
0,0.009420974
0,0.45250946
0,0.0021780233
0,0.015009108
0,0.5634365
0,0.0007460933
0,0.0032317624
0,0.2830358
1,0.9297816
0,0.43337888
0,0.0483535
0,0.001956473
0,0.022122653
0,0.0067488337
0,0.021255461
0,0.012773803
0,0.046592966
0,0.006885019
0,0.02141082
1,0.9123913
0,0.80655026
0,0.0001318447
0,0.0054632816
0,0.20967188
0,0.006014062
0,0.0326111
0,0.004862484
0,0.003850616
0,0.0361262
0,0.0006067997
1,0.08280837
0,0.06263934
0,0.0044562696
0,0.728389
0,0.0044126348
0,0.00522935
0,0.0012083437
1,0.87780994
0,0.028406005
1,0.93552923
0,0.104282506
1,0.68331605
0,0.29729965
0,0.38897663
1,0.9297633
0,0.0009798789
0,0.030526116
0,0.29584244
0,0.02941185
0,0.0074798167
0,0.012690513
0,0.0023704343
0,0.0026300636
0,0.009843826
0,0.0012252342
0,0.5035013
0,0.011291422
0,0.0045471
0,0.5624565
0,0.022863384
0,0.020654315
0,0.009510418
0,0.0047947755
0,0.0150556
0,0.024455478
0,0.0002950637
0,0.13221382
0,0.034379356
0,0.0029894956
0,0.0033073653
0,0.022235269
0,0.059028797
0,0.0027633063
0,0.015570048
0,0.013246367
0,0.00054025074
0,0.9756005
0,0.0035882061
0,0.00023232195
0,0.017954536
0,0.00036820016
0,0.017244322
0,0.02087845
0,0.04335561
0,0.273416
0,0.04797991
0,0.038488068
0,0.0018515325
0,0.44216064
0,0.89638966
0,0.08128653
0,0.11472927
0,0.7504922
0,0.06181739
0,0.32358837
0,0.22714622
0,0.037079766
0,0.028376088
0,0.2911417
0,0.25605604
1,0.791308
0,0.0011495327
0,0.31384924
0,0.0061534764
0,0.010051287
0,0.6634021
0,0.013241469
0,0.0107698655
0,0.7846246
0,0.0023856903
0,0.00074552227
0,0.42209777
0,0.004173951
0,0.006915038
0,0.026857875
0,0.48975718
1,0.92730707
0,0.46883088
0,0.48962763
0,0.0030308291
0,0.0014633134
0,0.37975037
0,0.0005719971
0,0.12846999
0,0.05692015
0,0.006093575
0,0.7470183
0,0.0037399605
0,0.008240169
1,0.90338224
0,0.05418909
0,0.5925275
0,0.90055496
0,0.05485963
0,0.28164098
0,0.7598047
0,0.280255
0,0.39012107
0,0.16377763
0,0.005731931
0,0.007300245
0,0.016365908
0,0.011774963
0,0.016222935
0,0.85709226
0,0.002338581
0,0.0050673806
0,0.49325708
0,0.027203515
0,0.34702098
0,0.1512831
0,0.5716834
0,0.47155818
0,0.066000596
0,0.036522925
0,0.031165367
0,0.0010234329
0,0.00342824
0,0.5395248
0,0.44395012
0,0.009341304
0,0.012125886
0,0.005732589
1,0.9049177
0,0.13101912
0,0.4102803
0,0.012157571
1,0.7169532
0,0.39310822
0,0.0035220191
1,0.88394666
0,0.6258249
0,0.042821236
0,0.09196723
0,0.024119997
1,0.94315964
0,0.024346173
0,0.001299659
0,0.31091478
0,0.0030708397
0,0.021110648
0,0.0044424413
0,0.01674504
0,0.5409595
0,0.0056362427
0,0.029094132
0,0.01854537
0,0.017113872
0,0.08812161
0,0.7247697
0,0.27478775
0,0.2653163
0,0.0007592074
0,0.1137927
0,0.00095751515
0,0.015677484
0,0.012455553
0,0.025520373
0,0.0044020517
0,0.0014772486
1,0.33050364
0,0.007275613
0,0.31988475
0,0.9051128
0,0.14931755
0,0.014281054
0,0.015305162
1,0.5626829
0,0.47437078
0,0.00083040615
1,0.8947479
0,0.044788163
0,0.0004370204
0,0.00011744206
0,0.00042740625
0,0.040694628
1,0.8444022
0,0.8038731
1,0.95167005
1,0.7962011
0,0.057608835
0,0.6308253
0,0.0064649936
0,0.8712877
0,0.00019982856
0,0.012397258
0,0.14775288
0,0.40942666
0,0.017973404
0,0.05760102
0,0.09028944
0,0.90924805
0,0.026726741
0,0.06112485
0,0.037582617
0,0.0061951475
1,0.8338905
0,0.006844533
0,0.7990502
0,0.13868381
0,0.0011249058
0,0.6924371
0,0.019167077
0,0.0052212053
0,0.0128644565
0,0.039193723
0,0.1252437
0,0.00012941346
0,0.0023190712
0,0.004656626
0,0.016424064
0,0.0017087025
1,0.79489434
0,9.033982e-05
0,0.7167186
0,0.042876612
0,0.78683996
0,0.37317377
1,0.77192795
0,0.0030934452
0,0.002703856
0,0.25109804
0,0.016151782
0,0.0019496202
0,0.025814971
0,0.7839023
0,0.0013359617
0,0.016587008
0,0.5918719
1,0.98207563
0,0.023012899
0,0.8977591
0,0.5659806
0,0.012875227
0,0.24287531
0,0.0011077721
0,0.0980451
0,0.0043065445
1,0.7752004
0,0.082344465
0,0.3599649
0,0.0034658632
0,0.011652781
0,0.012731486
1,0.985308
0,0.7365379
0,0.102887996
0,0.055568457
0,0.09007857
0,0.29123473
0,0.0018000912
1,0.99252206
0,0.43943188
0,0.009127513
0,0.23425804
0,0.086541764
0,0.10466789
0,0.008132359
0,0.07377007
0,0.028544262
0,0.01258393
0,0.0010462278
0,0.0055513014
0,0.5960973
0,0.14836547
0,0.12908675
0,0.16302621
0,0.5250265
0,0.0016358786
0,0.073578425
0,0.14965001
0,0.14174485
0,0.7479465
0,0.005642211
0,0.13778184
0,0.20358126
0,0.0021346735
0,0.4934081
0,0.6869775
0,0.07049722
0,0.6690063
0,0.51159763
0,0.07836825
0,0.0030087023
0,0.23100786
0,0.37317052
0,0.3193687
0,0.0022410557
0,0.016955726
0,0.010832368
0,0.3112308
0,0.024485217
0,0.0011858038
0,0.015707763
0,0.04200158
0,0.0017043345
0,0.024011528
0,0.012130656
0,0.052698176
0,0.03596603
1,0.706255
0,0.005086681
0,0.0033491896
0,0.02994259
1,0.7983978
0,0.0011307137
0,0.020724932
0,0.029757768
0,0.017155752
0,0.016428933
0,0.12651952
0,0.11205642
0,0.48976782
1,0.93419045
0,0.04356795
0,0.48236755
0,0.04780157
0,0.8272938
0,0.013999624
1,0.98453414
0,0.6987867
0,0.016486049
1,0.6919079
0,0.00075152767
0,0.0036917513
0,0.023754178
0,0.7841048
0,0.09338472
0,0.22928706
0,0.07970517
0,0.8639639
1,0.60826457
0,0.14516926
0,0.049085975
0,0.06518146
0,0.011908254
1,0.79010284
0,9.421514e-05
0,0.073313825
0,0.009468113
0,0.0031129983
0,0.0011115649
0,0.3652657
1,0.8312476
0,0.0014756564
0,0.0048239497
0,0.3996013
0,0.0019531045
0,0.06687574
0,0.015425407
0,0.109028995
0,0.58837444
0,0.0071873167
0,0.022990588
0,0.012523739
0,0.28669026
0,0.013492824
0,0.009362129
0,0.4636972
0,0.023006821
0,0.011908495
0,0.047211904
0,0.0013547564
0,0.21991406
0,0.0055011236
0,0.096850574
1,0.88309085
0,0.0043271957
0,0.00818628
0,0.09290787
0,0.006898818
0,0.00319047
0,0.80830556
0,0.43254215
0,0.018737964
0,0.03259969
0,0.7705776
0,0.0029340575
0,0.016479246
0,0.010387677
0,0.8944202
1,0.8499119
0,0.051773164
0,0.044875037
0,0.55595547
0,0.00017728169
0,0.026287725
0,0.013876248
0,0.00781773
0,0.028390408
0,0.42026424
0,0.019953096
0,0.09758712
0,0.23476984
0,0.5287253
0,0.6525599
0,0.25689146
0,0.14882308
1,0.6885506
0,0.8714727
0,0.008217384
0,0.09948416
0,0.0056306385
1,0.9042352
0,0.007987001
0,0.6127594
1,0.65949357
0,0.4092372
0,0.112559654
0,0.9393745
0,0.0022333188
0,0.43808264
0,0.013544548
0,0.007849094
0,0.047319226
0,0.040810198
0,0.008778432
0,0.056612074
0,0.34152016
0,0.10218303
0,0.7874371
0,0.0035502769
1,0.5737097
0,0.5701814
0,0.15080072
1,0.7660239
0,0.056019295
0,0.0054287505
0,0.00090478896
0,0.25976053
0,0.00012716411
0,0.0025771728
0,0.82778513
0,0.00087801064
0,0.0004848366
0,0.019970173
0,0.001761624
0,0.5828183
1,0.96629655
0,0.3681482
0,0.045766223
0,0.29087523
0,0.18472631
0,0.30590868
0,0.016289147
0,0.0025515992
0,0.014473703
0,0.3634703
0,0.63033307
0,0.2187845
0,0.026227983
0,0.02090603
0,0.020287301
0,0.006354475
0,0.26114804
1,0.96413124
0,0.0060196803
0,0.03941283
0,0.3188322
0,0.0008392211
0,0.05668959
1,0.9358986
0,0.017664386
0,0.010441548
0,0.022294125
0,0.03674339
0,0.5606621
0,0.0019684704
0,0.002030046
0,0.0036055262
1,0.3419156
0,0.006737164
0,0.114875354
0,0.32801694
0,0.006769337
1,0.64309794
1,0.951359
0,0.13443597
0,0.33149058
0,0.021512177
0,0.19166163
1,0.097155206
0,0.011898265
0,0.26962563
0,0.06015908
0,0.49109995
0,0.12768455
0,0.027925635
0,0.21479309
0,0.35641554
0,0.046431843
0,0.019382142
0,0.72037065
0,0.51256657
0,0.4951066
1,0.86968243
0,0.0056717927
0,3.0493735e-05
1,0.90062743
0,0.077553876
0,0.032960724
0,0.40469092
0,0.8652879
0,0.011025778
0,0.5678414
0,0.00045773594
0,0.41621795
0,0.030800506
0,0.0024764957
0,0.264425
0,0.2225815
0,0.007623385
0,0.8164434
0,0.35809082
0,0.007552214
0,0.25969657
0,0.013207333
0,0.25667092
0,0.034691796
0,0.0048301048
0,0.03393917
0,0.0050936667
0,0.001519813
0,0.585977
1,0.68916345
0,0.93838507
0,0.025185023
0,0.05822322
0,0.0029571082
0,0.011820838
0,0.35351905
0,0.027787365
0,0.532042
0,0.0013188248
0,0.9612279
1,0.7189838
0,0.35455167
0,0.06043148
0,0.67194223
0,0.9301227
0,0.33500695
1,0.6427435
0,0.09603215
0,0.5713466
0,0.0061762286
0,0.026321823
0,0.8242041
0,0.001950785
0,0.13241732
0,0.3797417
0,0.0019080271
0,0.047079954
0,0.00600546
0,0.0026690783
0,0.27635038
0,0.30881995
0,0.0080157695
0,0.0013506918
0,0.009976978
0,0.005865124
0,0.7925479
0,0.012297734
0,0.011623858
0,0.012745248
0,0.009258937
0,0.019782014
0,0.9495954
1,0.8585152
0,0.0017611913
0,0.039411124
0,0.80461186
0,0.06965543
0,0.007783356
0,0.013771996
0,0.018102378
1,0.17843623
0,0.10256919
0,0.46079373
1,0.6638024
1,0.85781896
0,0.0012228913
0,0.24051
1,0.7870241
0,0.0077117877
0,0.10165444
0,0.28998736
0,0.00049407524
0,0.002336675
1,0.70857596
1,0.74634063
0,0.032544285
0,0.26269114
1,0.94182265
0,0.1593968
0,0.7583242
0,0.020176588
0,0.35482988
0,0.5880207
0,0.16193977
0,0.005420212
0,0.16902846
0,0.026184991
0,0.0012629721
0,0.52113456
0,0.7444676
0,0.6095807
0,0.23177327
0,0.0011208401
0,0.1439221
0,0.14401665
0,0.22015363
0,0.009997045
0,0.15631439
0,0.0017254847
0,0.77376115
0,0.004406993
0,0.0031919535
0,0.07014662
0,0.5030412
0,0.004489887
0,0.047686078
0,0.005107147
1,0.93069965
0,0.0009304038
0,0.95558447
0,0.0071323644
0,0.038688958
0,0.0014617835
0,0.72413915
0,0.48144272
1,0.5787678
0,0.57409805
0,0.0017918004
0,0.35640928
0,0.028925395
0,0.002872166
0,0.011393117
0,0.0026277693
0,0.4761397
0,0.3545144
0,0.027464215
0,0.0063133505
0,7.900481e-05
0,0.11612672
0,0.026700415
0,0.032652028
0,0.001987901
0,0.0057889894
1,0.4809621
0,0.017174117
0,0.00010446983
1,0.9513356
0,0.020196874
0,0.16228804
1,0.56320786
0,0.9055775
0,0.1396331
0,0.002349373
0,0.0019581395
0,0.03275268
0,0.014212201
1,0.973176
0,0.35907146
0,0.009494592
0,0.28220618
0,0.89406836
0,0.28255057
0,0.69131124
0,0.0030712222
1,0.9479131
0,0.060175974
0,0.03423607
0,0.16690059
0,0.009856639
0,0.033538308
0,0.10535794
0,0.017140683
0,0.00036840187
0,0.039836433
0,0.5758977
1,0.9707149
1,0.5931658
0,0.4330999
0,0.038974706
0,0.005342919
1,0.96980137
0,0.006488263
0,0.24470726
0,0.056250088
0,0.9809945
0,0.022717683
0,0.0052840672
0,0.013110693
0,0.029140886
0,0.07250052
0,0.0036796504
0,0.033834167
0,0.00010250981
0,0.023408327
0,0.007014346
0,0.9878435
0,0.046083923
1,0.96692574
1,0.9065495
0,0.0066900747
0,0.04401882
1,0.8197783
0,0.011649985
0,0.009617983
0,0.010150634
0,0.045172475
0,0.19335273
0,0.0015097809
0,0.3056033
0,0.045326762
0,0.0027177732
1,0.74920046
0,0.0022047868
1,0.6365748
0,0.00380119
0,0.51686263
0,0.00088603783
0,0.019987894
0,0.76972985
0,0.7223023
0,0.050526075
0,0.08908958
0,0.0010679908
1,0.9547014
1,0.8323769
0,0.014477874
0,0.0031409452
0,0.0059210607
0,0.918243
0,0.0062393253
0,0.17047156
0,0.103060074
0,0.04992375
0,0.0006185616
0,0.028437264
0,0.00085518206
0,0.0024025263
0,0.10164388
0,0.035582095
0,0.66970265
0,0.17895322
0,0.00023489159
1,0.9801425
0,0.008918104
0,0.3289191
0,0.29127306
0,0.018680416
0,0.028052177
1,0.7673111
0,0.5367264
0,0.0066562705
0,0.84185404
0,0.0794646
0,0.1352993
0,0.17148785
0,0.071095824
0,0.0076614646
0,0.27412972
1,0.9640532
0,0.004953725
0,0.02931535
0,0.6116453
0,0.02121154
0,0.08046693
0,0.60929066
1,0.72322196
0,0.0013212117
0,0.016776435
0,0.38909888
0,0.032019638
1,0.74331975
0,0.058088597
1,0.42385504
0,0.26857245
1,0.40393525
0,0.008113339
0,0.016935034
0,0.00070298725
1,0.32603535
0,0.016779613
0,0.0008017088
1,0.9325464
0,0.0024393895
1,0.88925016
0,0.037301254
0,0.018757047
0,0.3170598
0,0.013628801
0,0.005226116
0,0.35103896
0,0.50126433
0,0.17745626
0,0.19958279
1,0.926309
0,0.028958438
0,0.004512191
0,0.0754231
0,0.059696857
0,0.18210557
0,0.002002062
1,0.9314261
0,0.017544001
0,0.03030392
0,0.36065218
0,0.06162497
1,0.9453507
0,0.86682636
0,0.007630412
0,0.00883285
0,0.0036915606
1,0.73278224
0,0.8423147
0,0.014291127
1,0.90163505
0,0.0007356559
0,0.24748825
1,0.78148097
0,0.017395109
0,0.027701847
0,0.17254427
1,0.9671234
0,0.8795572
0,0.6631083
0,0.0018326098
0,0.01829439
0,0.6499019
0,0.0010704349
0,0.1529794
0,0.013068639
0,0.9607999
0,0.82147753
0,0.050705962
0,0.010825345
1,0.8431447
0,0.0011197259
0,0.6300143
0,0.1856588
0,0.022011545
1,0.9783288
0,0.034298506
1,0.6683613
0,0.021945454
1,0.85303736
1,0.7246151
0,0.503429
0,0.20321985
0,0.04938991
0,0.40746796
0,0.057799883
0,0.018572807
0,0.036681302
0,0.0051118326
1,0.86987233
0,0.028528998
0,0.8771741
0,0.02144687
0,0.043780107
0,0.038145937
0,0.32701677
0,0.0036260518
0,0.12656169
0,0.08026933
0,0.0003874972
0,0.006623592
0,0.0149192745
0,0.0025364212
0,0.005979522
0,0.011860824
0,0.34661865
0,0.6514764
0,0.070848875
0,0.04380012
0,0.21186328
0,0.85804147
0,0.10270102
0,0.17177369
0,0.1649977
0,0.022505749
1,0.9284383
0,0.8970614
0,0.011494125
0,0.48934177
0,0.038993668
0,0.034221143
0,0.5818739
0,0.0024729632
0,0.009532656
0,0.6750158
0,0.0021360079
1,0.745157
0,0.00024884977
1,0.74387497
0,0.8198369
1,0.83560306
0,0.0020433082
0,0.003860988
0,0.06457277
0,0.032120656
0,0.0009696947
0,0.7298864
0,0.0035306483
0,0.07432924
0,0.04103186
1,0.9408116
0,0.0102396915
1,0.93656504
0,0.0010078186
0,0.018092599
0,0.012462083
0,0.96147096
1,0.62649894
0,0.044144724
0,0.030443413
0,0.2188441
0,0.0008803969
0,0.01967617
1,0.8105617
0,0.22175208
0,0.00020869318
0,0.033551935
0,0.016023282
0,0.0024922679
0,0.0037947444
0,0.008566605
0,0.079605766
0,0.7867298
0,0.001191137
0,0.13503894
0,0.026209345
0,0.0012756621
0,0.021663142
0,0.25572398
0,0.3472833
0,0.75841147
0,0.001418805
0,0.0022287322
0,0.09685055
0,0.7669618
0,0.14305122
0,0.8969164
0,0.0025066875
1,0.75781053
0,0.17609008
0,0.42658108
1,0.97507554
0,0.03043072
0,0.019721065
0,0.037254397
0,0.0024324607
0,0.03722075
0,0.004494258
0,0.13126592
1,0.74878365
0,0.030293502
0,0.002397772
0,0.33915028
0,0.0059100934
0,0.005478199
0,0.004682827
0,0.0016206863
0,0.033912744
0,0.0039438144
0,0.00094407017
0,0.023963965
0,0.0015786445
0,0.03872883
0,0.0078579
0,0.06292819
0,0.5830972
0,0.2080526
0,0.33355787
0,7.742388e-05
0,0.18541352
0,0.013538007
0,0.17408313
0,0.09959885
0,0.0360807
0,0.12221858
0,0.038667437
0,0.03583376
1,0.9234241
0,0.02064479
0,0.06552703
0,0.0040622186
0,0.00015097138
0,0.004036716
0,0.0002032147
0,0.009676667
0,0.08473522
0,0.01306209
0,0.0075234016
1,0.8887158
0,0.74916357
0,0.012620866
0,0.059838597
0,0.07003801
0,0.0018898975
0,0.062402252
0,0.008635213
0,0.04742649
0,0.33352348
0,0.028723935
0,0.5424046
0,0.3803365
0,0.010243819
0,0.87666404
0,0.018024407
0,0.36681876
0,0.96734166
0,0.17936824
1,0.85442007
0,0.023741085
0,0.0067458237
0,0.012605836
0,0.07376653
0,0.00020993032
0,0.08481438
0,0.19475536
1,0.19904526
0,0.0025250197
1,0.9366241
0,0.3602366
0,0.5915531
0,0.025392976
0,0.60060805
0,0.6181688
0,0.6978093
0,0.021640573
1,0.8409284
0,0.3722731
0,0.96863246
0,0.4287272
0,0.5222191
1,0.96794796
0,0.007184725
0,0.0016232738
0,0.9206838
1,0.9173518
0,0.3127253
0,0.007904034
0,0.7904063
1,0.6470734
0,0.21945174
0,0.4290512
1,0.9666417
0,0.023339989
0,0.8076819
0,0.032389987
0,0.698534
0,0.027707666
0,0.011120555
0,0.07549555
0,0.43015212
0,0.010353919
1,0.5594243
1,0.82200164
0,0.7156218
0,0.0002498871
0,0.121896625
0,0.0030593448
0,0.038254034
0,0.09317776
0,0.01780097
0,0.014718329
1,0.5845979
0,0.008568476
0,0.006467607
0,0.11844249
1,0.45410663
0,0.17350869
0,0.0018216565
0,0.44119465
1,0.3539363
0,0.057164695
0,0.012660711
0,0.26821586
0,0.8774699
0,0.065995544
0,0.01533263
0,0.004059789
0,0.102239326
0,0.14951362
0,0.00056588
0,0.10863947
0,0.03583757
1,0.80415714
0,0.11061071
0,0.000193738
0,0.0078809075
0,0.031594906
0,0.89355075
0,0.002564459
0,0.029783584
0,0.07797155
0,0.714348
0,0.00082135573
0,0.44393626
0,0.6119165
0,0.07536751
0,0.029502554
1,0.8905286
0,0.09321917
0,0.0056028906
0,0.016549537
0,0.1376671
0,0.005060185
0,0.0009838172
0,0.03678188
0,0.19582382
0,0.716002
0,0.0039234105
0,0.08911774
0,0.001998887
0,0.18237753
0,0.012209571
0,0.04104597
0,0.06255587
0,0.031678755
1,0.9083395
0,0.3172804
0,0.73913705
0,0.8114499
0,0.16555181
0,0.44233057
0,0.010665529
0,0.0054015866
0,0.16585186
1,0.9020653
0,0.045099344
0,0.0032231826
0,0.022602718
0,0.0013278655
0,0.5175292
0,0.053993445
0,0.025748026
0,0.67672926
0,0.40921986
0,0.57172835
0,0.006536282
0,0.26283467
0,0.013678035
0,0.008934746
0,0.91303784
0,0.020284059
0,0.023752194
0,0.70351976
0,0.019987995
0,0.0025370135
0,0.7387063
1,0.6720291
0,0.009437712
0,0.0015642972
0,0.11818053
0,0.0031950881
0,0.0019628596
0,0.016810872
0,0.14586373
0,0.21554795
0,0.17551892
0,0.91629034
0,0.5445804
0,0.03003304
0,0.42033562
0,0.39367527
0,0.017326843
0,0.010109866
0,0.013119845
0,0.54905903
1,0.9762032
0,0.027751988
0,0.8429752
0,0.30787376
0,0.029375501
0,0.10359423
0,0.0029928517
0,0.0015167963
0,0.0023722528
0,0.03865445
1,0.9218669
0,0.00093373936
0,0.0004491174
0,0.008645522
0,0.16450138
0,0.004624305
0,0.06926905
0,0.007610305
0,0.85161847
0,0.34995723
0,0.17171133
0,0.0029713067
0,0.9177832
0,0.012553754
0,0.7466638
0,0.022190223
0,0.048202347
0,0.013534734
0,0.80344164
